date,FGIndex,rsi,adx,standard_deviation,sma50,five_day_percentage,price
2020-07-06,60.0,57.742682,126.069041,4.045192,119.9028,3.34,129.43
2020-07-07,58.0,53.810502,122.092235,3.234072,120.166,0.55,127.2
2020-07-08,60.0,55.181253,118.413165,2.755842,120.4246,1.64,128.13
2020-07-09,57.0,50.976873,114.802485,2.366633,120.63,-1.56,125.73
2020-07-10,60.0,54.521917,111.449712,2.177932,120.789,-1.1,128.01
2020-07-13,63.0,58.178767,108.451763,2.245945,121.0728,2.65,130.57
2020-07-14,69.0,65.535019,105.816612,3.063964,121.5928,6.83,136.88
2020-07-15,69.0,67.001159,103.448259,3.864739,122.2056,10.05,138.36
2020-07-16,68.0,67.204195,101.272121,4.531649,122.7986,8.24,138.56
2020-07-17,65.0,63.700892,99.049852,4.904568,123.3832,4.85,136.9
2020-07-20,61.0,59.159307,96.549586,5.06054,123.93,-1.64,134.63
2020-07-21,63.0,60.803271,94.23794,5.209869,124.4052,-1.8,135.87
2020-07-22,64.0,62.267472,92.123286,5.390675,124.9726,-1.14,136.98
2020-07-23,63.0,61.421576,90.159679,5.235994,125.6046,-0.22,136.6
2020-07-24,64.0,62.824209,88.396752,5.235902,126.2666,2.19,137.58
2020-07-27,66.0,65.965379,86.846179,5.106459,126.9406,2.96,139.89
2020-07-28,64.0,61.462151,85.406362,4.976927,127.5428,0.77,138.03
2020-07-29,66.0,64.927786,84.131615,5.002619,128.053,2.88,140.53
2020-07-30,62.0,56.59648,82.40754,4.722318,128.546,-0.62,136.73
2020-07-31,57.0,49.645809,79.289753,4.495865,128.8898,-5.01,132.88
2020-08-03,56.0,47.838107,76.394664,4.392,129.2442,-4.53,131.78
2020-08-04,63.0,47.39879,73.593764,4.121018,129.6252,-6.41,131.52
2020-08-05,68.0,53.500886,71.399307,3.825879,129.9764,-1.29,134.97
2020-08-06,69.0,52.400334,69.361597,3.168899,130.2158,1.14,134.39
2020-08-07,70.0,53.344791,67.120408,2.660266,130.4994,2.38,134.92
2020-08-10,78.0,63.727744,65.838266,2.67748,130.9372,7.98,142.02
2020-08-11,77.0,64.341617,65.011358,2.983178,131.3778,5.6,142.53
2020-08-12,77.0,64.392517,63.968149,3.225671,131.7628,6.09,142.57
2020-08-13,74.0,60.010597,62.549292,3.308603,132.0344,4.26,140.67
2020-08-14,73.0,58.410992,60.942412,3.366093,132.2544,-1.45,139.96
2020-08-17,71.0,55.622416,59.309958,3.324539,132.3264,-2.67,138.72
2020-08-18,71.0,54.826784,57.72484,3.309484,132.3394,-2.95,138.37
2020-08-19,70.0,53.995019,56.048553,3.307787,132.416,-1.88,138.02
2020-08-20,70.0,52.667441,53.901558,3.299583,132.5168,-1.77,137.48
2020-08-21,71.0,54.774171,52.098335,3.303519,132.8544,-0.21,138.43
2020-08-24,74.0,61.145554,50.984481,3.384342,133.225,2.39,141.68
2020-08-25,73.0,59.669254,50.353809,3.461906,133.5758,2.27,141.15
2020-08-26,74.0,60.971258,49.509856,3.521135,133.8102,3.16,141.83
2020-08-27,75.0,63.819931,49.018408,3.691718,134.113,3.57,143.37
2020-08-28,75.0,64.293778,48.782937,3.636451,134.4338,1.38,143.63
2020-08-31,74.0,59.997545,48.398906,3.315529,134.7308,0.82,142.31
2020-09-01,78.0,66.772403,48.418678,3.08741,135.136,2.98,146.05
2020-09-02,81.0,71.281992,48.877278,3.439909,135.5964,4.12,149.27
2020-09-03,78.0,63.991411,49.492048,3.32977,136.0904,2.18,146.76
2020-09-04,79.0,66.103612,50.062906,3.275872,136.5598,4.12,148.18
2020-09-08,79.0,66.608673,50.446731,3.557206,137.0824,1.69,148.52
2020-09-09,81.0,72.099511,51.348019,4.196762,137.6312,2.29,152.69
2020-09-10,77.0,64.364107,51.979365,4.453771,138.0984,2.11,149.86
2020-09-11,80.0,69.334492,52.694612,4.953666,138.6538,3.81,153.83
2020-09-14,79.0,68.505081,53.404126,5.27051,139.1696,3.36,153.51
2020-09-15,73.0,57.198727,52.348224,5.150098,139.553,-2.68,148.6
2020-09-16,76.0,60.763764,51.367743,5.055789,140.0312,0.83,151.11
2020-09-17,79.0,64.28635,51.156903,5.014039,140.546,0.03,153.87
2020-09-18,77.0,61.117669,50.961124,4.700277,141.0792,-0.73,152.39
2020-09-21,70.0,48.768752,48.002082,4.2659,141.4256,-2.2,145.33
2020-09-22,73.0,51.489862,45.2544,4.040773,141.7572,-2.62,147.15
2020-09-23,70.0,47.366291,43.024183,3.823661,141.9072,-6.17,144.38
2020-09-24,71.0,48.582974,40.692836,3.613148,142.0428,-4.76,145.14
2020-09-25,72.0,49.847897,38.528015,3.4799,142.1898,0.4,145.91
2020-09-28,73.0,52.726882,37.371409,3.308633,142.4054,0.36,147.68
2020-09-29,73.0,52.234298,35.899286,2.993469,142.661,2.1,147.41
2020-09-30,75.0,55.142681,34.977619,2.922227,142.9266,2.76,149.15
2020-10-01,71.0,50.499183,33.432491,2.964972,143.1212,0.55,146.71
2020-10-02,74.0,55.804738,31.420203,2.930532,143.388,1.53,149.94
2020-10-05,77.0,60.780208,30.326892,3.075029,143.7062,4.12,153.49
2020-10-06,74.0,56.96697,29.534109,3.105043,143.939,1.6,151.53
2020-10-07,77.0,61.290363,28.935301,3.242475,144.2738,5.49,154.77
2020-10-08,78.0,63.588434,28.533517,3.590962,144.5964,4.48,156.66
2020-10-09,78.0,66.195636,28.734638,4.016124,145.0406,3.55,158.94
2020-10-12,79.0,69.928232,29.603912,4.805189,145.6352,7.31,162.61
2020-10-13,78.0,68.835373,30.411095,5.386681,146.242,4.75,162.12
2020-10-14,79.0,70.352679,31.434865,6.015196,146.8838,4.44,163.61
2020-10-15,79.0,71.773072,31.44341,6.65323,147.4852,3.84,165.04
2020-10-16,81.0,75.105416,32.257721,7.53672,148.1724,3.78,168.75
2020-10-19,80.0,72.091437,33.013868,7.904627,148.8246,3.34,167.53
2020-10-20,81.0,73.463851,33.910959,8.321608,149.364,3.29,168.99
2020-10-21,79.0,69.457965,34.262774,8.293413,149.8614,1.43,167.4
2020-10-22,81.0,71.810864,34.589459,8.310838,150.4032,0.54,169.66
2020-10-23,79.0,69.096784,35.047462,8.143784,150.9616,0.63,168.59
2020-10-26,73.0,57.340197,33.027107,7.755573,151.4264,-3.43,163.2
2020-10-27,67.0,48.600169,31.170626,7.236784,151.8102,-5.67,157.91
2020-10-28,54.0,40.1836,30.71671,7.093361,152.066,-10.9,151.16
2020-10-29,64.0,45.471789,30.442731,6.511829,152.399,-8.26,154.67
2020-10-30,67.0,48.778479,29.682079,6.087974,152.7904,-3.77,157.05
2020-11-02,72.0,56.246175,27.700848,5.837978,153.2872,3.39,163.27
2020-11-03,76.0,60.637843,26.792751,5.48592,153.8074,10.94,167.69
2020-11-04,63.0,46.475932,25.278865,5.454417,154.089,0.36,155.23
2020-11-05,70.0,53.805199,23.523358,5.287424,154.5142,3.85,163.09
2020-11-06,68.0,52.047496,21.994232,5.225522,154.8726,-1.21,161.29
2020-11-09,75.0,59.576842,22.13058,5.49858,155.4164,1.87,170.82
2020-11-10,76.0,60.611203,22.257189,5.822475,156.0162,11.0,172.3
2020-11-11,73.0,57.567115,21.72937,5.948031,156.4844,3.91,169.46
2020-11-12,73.0,57.207583,21.239251,6.044471,156.8816,4.86,169.13
2020-11-13,74.0,59.34537,20.953815,6.184771,157.3806,0.52,171.71
2020-11-16,74.0,60.562497,21.09906,6.440793,157.8808,0.52,173.19
2020-11-17,73.0,58.919577,20.862914,6.566207,158.3486,1.45,171.91
2020-11-18,74.0,59.683325,21.08074,6.766467,158.7496,2.13,172.74
2020-11-19,74.0,59.838332,20.969138,6.908518,159.2104,0.69,172.9
2020-11-20,73.0,58.818516,20.865507,7.037804,159.5784,-0.55,172.23
2020-11-23,75.0,61.507387,21.163359,7.29259,160.0038,1.67,174.78
2020-11-24,75.0,63.633333,21.870643,7.396498,160.5698,2.41,176.9
2020-11-25,73.0,59.823376,21.862225,6.596838,161.0402,1.0,174.63
2020-11-27,73.0,60.330445,21.854409,5.965694,161.4644,1.65,175.08
2020-11-30,72.0,57.73227,21.448939,5.326563,161.8884,-0.68,173.59
2020-12-01,72.0,57.145289,21.397839,5.127631,162.447,-2.06,173.26
2020-12-02,72.0,57.99546,21.157671,5.129379,162.9814,-0.44,173.87
2020-12-03,75.0,59.084545,21.072245,3.711759,163.5864,-0.26,174.63
2020-12-04,80.0,67.996961,22.426762,3.787356,164.3278,4.97,182.21
2020-12-07,77.0,61.351623,23.684529,2.941589,164.9838,3.15,178.71
2020-12-08,77.0,61.502119,24.901827,3.065355,165.607,2.86,178.84
2020-12-09,78.0,62.971311,25.857021,3.295876,166.2602,3.12,180.07
2020-12-10,76.0,60.504872,26.743988,3.213397,166.8542,-1.84,178.85
2020-12-11,77.0,61.096698,27.217219,3.050301,167.5058,0.32,179.29
2020-12-14,76.0,58.439012,28.273967,2.971549,168.068,-0.44,178.05
2020-12-15,79.0,63.523944,29.255233,3.17529,168.633,0.93,181.74
2020-12-16,77.0,58.819313,29.890437,3.090649,169.1924,0.36,179.5
2020-12-17,77.0,58.136243,30.480269,3.006359,169.6804,-0.07,179.17
2020-12-18,78.0,60.795876,30.530716,2.981254,170.1664,1.63,180.96
2020-12-21,77.0,58.992065,30.07876,2.800022,170.5908,-0.87,180.16
2020-12-22,74.0,51.612112,29.659086,2.732364,170.8702,-1.63,176.58
2020-12-23,75.0,54.745684,29.269389,2.727283,171.1962,-0.42,178.42
2020-12-24,76.0,56.620102,29.07731,2.643872,171.5152,-0.77,179.56
2020-12-28,75.0,54.101063,29.272036,2.549852,171.7818,-0.99,178.37
2020-12-29,73.0,50.597119,27.929516,2.346882,171.9398,0.04,176.65
2020-12-30,76.0,56.567758,27.541962,2.043591,172.19,0.91,180.04
2020-12-31,78.0,59.636156,27.18209,1.82396,172.4506,1.37,182.02
2021-01-04,78.0,59.836772,27.816614,1.607203,172.7456,2.12,182.15
2021-01-05,80.0,62.158407,28.405815,1.748766,173.0252,3.96,183.64
2021-01-06,85.0,73.481484,30.666354,3.543138,173.5306,7.68,193.86
2021-01-07,83.0,73.787285,32.774435,4.627052,174.1512,6.71,194.23
2021-01-08,83.0,73.813646,34.363753,5.423976,174.8782,6.65,194.26
2021-01-11,82.0,72.76268,35.415959,5.96496,175.7322,5.57,193.86
2021-01-12,83.0,76.129972,36.734351,6.731562,176.5896,1.9,197.54
2021-01-13,82.0,71.841411,38.220518,7.116245,177.3664,0.85,195.89
2021-01-14,83.0,73.322498,39.408506,7.620833,178.049,1.62,197.4
2021-01-15,80.0,66.398179,38.768227,7.765193,178.5876,0.39,194.62
2021-01-19,79.0,65.06522,38.247855,7.791395,179.3642,-1.76,194.06
2021-01-20,77.0,61.013766,36.748027,7.76594,179.9492,-1.81,192.34
2021-01-21,76.0,60.65903,35.237398,7.656089,180.5672,-2.64,192.19
2021-01-22,76.0,60.032573,33.591615,7.242887,180.9896,-1.38,191.94
2021-01-25,71.0,49.834122,31.333241,6.863808,181.2904,-3.46,187.34
2021-01-26,70.0,49.577789,29.19367,6.526493,181.6454,-2.67,187.21
2021-01-27,57.0,38.721195,28.83206,6.350335,181.8754,-6.01,180.63
2021-01-28,68.0,45.912922,27.881284,5.760396,182.128,-3.96,184.34
2021-01-29,67.0,43.680812,26.651599,5.547245,182.321,-2.4,182.84
2021-02-01,68.0,47.148866,25.509749,5.378823,182.5772,-1.33,184.72
2021-02-02,76.0,58.529683,24.460414,5.062949,182.9724,6.57,192.5
2021-02-03,75.0,56.753428,23.486031,4.791852,183.3434,3.86,191.45
2021-02-04,74.0,57.02098,22.830157,4.753669,183.7318,4.82,191.65
2021-02-05,75.0,58.870674,22.605591,4.719973,184.0962,4.48,193.0
2021-02-08,78.0,64.321481,23.040065,4.879033,184.5072,2.57,197.45
2021-02-09,78.0,63.97268,23.649362,5.028705,184.9602,3.05,197.28
2021-02-10,78.0,64.509139,24.406754,5.039978,185.413,3.17,197.72
2021-02-11,78.0,65.305715,24.439444,5.17793,185.9082,2.77,198.35
2021-02-12,76.0,64.416005,24.542293,5.213296,186.4028,0.27,197.99
2021-02-16,79.0,69.816301,25.778668,5.698654,186.973,2.59,202.38
2021-02-17,79.0,69.608978,26.92673,6.124147,187.5264,2.32,202.3
2021-02-18,76.0,63.561859,27.537001,6.34658,187.8806,0.79,199.92
2021-02-19,83.0,73.836279,29.282185,7.373002,188.5046,6.02,209.91
2021-02-22,87.0,79.030938,31.561817,9.086989,189.289,7.75,218.06
2021-02-23,88.0,80.135759,33.81615,10.446582,190.0912,8.84,220.18
2021-02-24,89.0,81.28295,36.291155,11.638338,190.9636,11.28,222.47
2021-02-25,89.0,79.872931,38.538919,11.976417,191.8142,5.67,221.82
2021-02-26,85.0,68.225504,39.438038,11.844675,192.5708,-1.0,215.88
2021-03-01,87.0,71.181672,40.290054,11.605922,193.3312,-0.19,219.76
2021-03-02,84.0,64.608302,39.973637,11.022216,194.0576,-2.99,215.82
2021-03-03,83.0,63.157613,38.918915,10.801465,194.7724,-3.12,214.91
2021-03-04,81.0,59.759402,37.129157,10.312955,195.4086,-1.44,212.77
2021-03-05,85.0,66.468873,36.093364,9.991587,196.2086,0.18,220.16
2021-03-08,86.0,67.587203,35.605772,9.652451,197.1086,2.67,221.58
2021-03-09,82.0,60.296983,34.677113,9.274774,197.8762,0.88,216.8
2021-03-10,84.0,64.02162,33.814787,8.918265,198.7062,3.9,221.06
2021-03-11,83.0,62.106843,33.250894,8.369685,199.534,-0.18,219.76
2021-03-12,86.0,69.165764,33.462357,8.24326,200.581,3.35,229.0
2021-03-15,83.0,70.288216,33.983428,7.923132,201.595,6.43,230.74
2021-03-16,84.0,64.106406,34.181424,7.462041,202.4838,2.44,226.46
2021-03-17,88.0,69.021712,34.735451,7.295117,203.5134,6.31,233.63
2021-03-18,86.0,65.073291,35.624818,6.150445,204.4542,0.73,230.68
2021-03-19,84.0,58.489617,35.006971,5.647646,205.0828,-2.36,225.29
2021-03-22,84.0,59.093273,34.321504,5.647611,205.7186,-0.19,226.02
2021-03-23,78.0,50.65043,32.246542,5.698238,206.1984,-6.58,218.25
2021-03-24,79.0,53.400309,30.621875,5.701088,206.7458,-4.1,221.23
2021-03-25,80.0,56.071772,28.562193,5.720093,207.28,-0.46,224.25
2021-03-26,83.0,60.329439,27.178888,5.737568,207.9522,1.54,229.5
2021-03-29,79.0,60.889307,26.191206,5.903351,208.6086,5.48,230.22
2021-03-30,84.0,63.116043,25.680967,5.99215,209.3778,5.36,233.08
2021-03-31,82.0,61.520184,25.207174,5.804751,210.134,3.4,231.87
2021-04-01,83.0,62.259087,24.4918,5.289633,210.942,1.41,232.74
2021-04-05,82.0,63.10965,23.93622,5.35079,211.7724,1.52,233.71
2021-04-06,80.0,58.607736,22.928787,5.273186,212.5464,-1.05,230.64
2021-04-07,80.0,58.272358,21.793684,4.731525,213.4078,-0.63,230.41
2021-04-08,80.0,58.350476,20.25363,4.487048,214.2732,-0.97,230.48
2021-04-09,80.0,58.67185,19.07197,4.046911,215.2756,-1.27,230.75
2021-04-12,80.0,58.899546,17.974713,4.069957,216.2074,0.13,230.93
2021-04-13,79.0,55.983885,17.44954,4.052232,217.1376,-0.46,229.35
2021-04-14,81.0,60.309442,17.119408,4.081764,218.0948,0.91,232.58
2021-04-15,81.0,60.191116,16.812858,4.029457,218.8952,0.77,232.52
2021-04-16,81.0,61.334898,17.090994,4.119178,219.7334,1.05,233.36
2021-04-19,80.0,59.218976,16.623694,4.058708,220.5482,1.33,232.39
2021-04-20,77.0,50.087472,15.804136,4.000188,221.2408,-2.13,227.63
2021-04-21,80.0,57.285048,14.70951,3.031199,221.941,-0.03,232.46
2021-04-22,78.0,51.386665,13.833241,2.206945,222.5732,-1.92,228.89
2021-04-23,78.0,53.16155,12.911216,1.616128,223.221,-0.98,230.11
2021-04-26,79.0,53.831131,12.251259,1.57704,223.8652,1.29,230.56
2021-04-27,78.0,53.428996,11.64233,1.573394,224.5122,-0.91,230.34
2021-04-28,79.0,56.543649,11.320095,1.536538,225.1106,1.49,232.3
2021-04-29,75.0,48.020574,11.500992,1.728059,225.614,-1.15,227.47
2021-04-30,76.0,49.115083,11.668968,1.786064,226.1778,-1.06,228.11
2021-05-03,75.0,49.22303,11.130511,1.734289,226.543,-0.94,228.17
2021-05-04,79.0,57.66892,10.784452,1.848951,226.85,0.48,233.41
2021-05-05,81.0,63.279952,11.517799,2.432903,227.204,4.58,237.88
2021-05-06,80.0,61.684365,12.480194,2.765752,227.496,3.93,237.07
2021-05-07,81.0,66.134725,12.617884,3.471683,227.8794,5.62,240.99
2021-05-10,81.0,67.799288,13.424561,4.181641,228.414,3.94,242.61
2021-05-11,78.0,61.182208,12.785743,4.37539,228.8048,0.6,239.3
2021-05-12,76.0,57.563058,12.237955,4.478394,229.2348,0.11,237.32
2021-05-13,77.0,61.01258,11.395409,4.721455,229.738,-0.38,240.07
2021-05-14,78.0,63.520802,11.030947,5.087789,230.3272,-0.16,242.23
2021-05-17,79.0,66.28892,11.096654,5.58888,230.8198,2.29,244.79
2021-05-18,75.0,56.665784,10.755566,5.446015,231.1776,0.91,239.47
2021-05-19,73.0,52.643551,10.988638,5.420742,231.579,-1.33,236.87
2021-05-20,72.0,49.886177,11.089914,5.21364,231.8576,-2.99,234.99
2021-05-21,73.0,53.055352,10.781958,5.060532,232.2072,-3.08,237.24
2021-05-24,75.0,55.493677,10.425825,4.935961,232.4082,-0.18,239.05
2021-05-25,73.0,52.446582,9.759368,4.731087,232.5368,0.13,237.17
2021-05-26,74.0,53.240784,9.112738,4.617913,232.7618,1.16,237.71
2021-05-27,76.0,58.209923,9.348148,4.134082,232.9148,1.7,241.28
2021-05-28,77.0,57.839086,9.530047,3.539874,233.1228,0.85,241.08
2021-06-01,78.0,60.136423,10.238993,2.768629,233.4722,2.36,242.76
2021-06-02,79.0,61.087847,10.581616,2.584502,233.821,2.42,243.46
2021-06-03,79.0,61.623315,11.178281,2.702198,234.3328,1.06,243.84
2021-06-04,79.0,61.890835,11.785229,2.753946,234.7886,1.22,244.02
2021-06-07,75.0,52.553754,11.262256,2.751863,235.0988,-1.24,239.76
2021-06-08,75.0,53.266683,10.784545,2.698131,235.312,-1.36,240.16
2021-06-09,64.0,43.557483,10.718251,2.948259,235.4006,-3.77,234.65
2021-06-10,57.0,33.053699,12.248525,4.249518,235.2536,-7.5,225.73
2021-06-11,53.0,28.831505,14.361644,5.866918,235.0302,-7.95,220.7
2021-06-14,52.0,27.557811,16.778075,7.142634,234.7556,-8.81,219.01
2021-06-15,53.0,28.464032,19.021904,7.888932,234.4706,-6.47,219.46
2021-06-16,51.0,26.63037,21.105459,8.829427,234.201,-3.8,217.16
2021-06-17,47.0,21.605747,23.83121,10.392773,233.7818,-5.1,209.45
2021-06-18,48.0,21.27494,26.532428,11.678005,233.3494,-4.63,208.86
2021-06-21,51.0,29.808218,28.082434,12.309302,232.9986,-2.85,213.21
2021-06-22,52.0,29.744364,29.542864,12.742614,232.6426,-1.86,213.13
2021-06-23,53.0,31.056531,30.352691,13.065617,232.3314,2.07,213.79
2021-06-24,57.0,41.030521,29.811236,13.028781,232.0666,5.02,219.34
2021-06-25,54.0,37.814164,29.317322,12.84768,231.7424,1.45,216.31
2021-06-28,52.0,37.772073,29.117555,12.554552,231.4006,1.47,216.27
2021-06-29,53.0,36.49243,28.446045,12.040834,231.0548,0.61,215.1
2021-06-30,54.0,41.136357,27.912738,11.205217,230.8548,-0.78,217.63
2021-07-01,53.0,39.991172,26.937383,10.114097,230.5398,0.18,216.71
2021-07-02,54.0,41.976537,26.143155,8.64054,230.3172,0.69,217.76
2021-07-06,51.0,36.696786,26.170744,7.399456,229.9854,-0.73,213.52
2021-07-07,54.0,38.977656,26.226713,5.489727,229.668,-1.35,214.69
2021-07-08,54.0,35.905426,26.491683,3.842649,229.3034,-2.12,212.11
2021-07-09,58.0,45.437578,25.405258,3.155629,229.0058,-0.16,217.42
2021-07-12,56.0,47.282071,24.303209,3.014358,228.828,2.37,218.58
2021-07-13,56.0,42.735369,23.313542,2.903328,228.5696,0.23,215.19
2021-07-14,53.0,38.554309,23.134465,2.840566,228.239,-0.22,211.64
2021-07-15,53.0,38.292911,23.182474,2.887221,227.799,-2.76,211.41
2021-07-16,50.0,34.503086,23.789891,3.035839,227.2004,-4.86,207.95
2021-07-19,47.0,30.002257,25.41718,3.752473,226.5206,-5.63,203.08
2021-07-20,51.0,38.639914,25.584941,3.9915,225.86,-1.74,207.96
2021-07-21,53.0,42.943787,25.1759,4.050871,225.2224,-0.32,210.73
2021-07-22,52.0,41.180707,24.694439,4.178515,224.6196,0.58,209.16
2021-07-23,52.0,41.787273,24.365518,4.053113,224.0638,3.18,209.53
2021-07-26,53.0,44.295247,23.615998,4.009598,223.483,1.48,211.03
2021-07-27,52.0,42.799309,23.386206,3.980038,222.8364,-0.39,209.9
2021-07-28,54.0,45.500624,22.738356,3.942782,222.1694,1.09,211.44
2021-07-29,54.0,47.444525,21.66915,3.75509,221.6312,1.45,212.56
2021-07-30,51.0,39.561428,21.87147,3.773545,221.0288,-2.03,206.75
2021-08-02,50.0,37.714601,21.503911,3.747663,220.4322,-2.26,205.16
2021-08-03,53.0,43.664012,21.423353,3.737939,219.8574,-1.39,208.5
2021-08-04,50.0,38.89623,21.269174,3.855827,219.1668,-3.78,204.52
2021-08-05,52.0,43.364078,21.126008,3.884937,218.5672,0.21,207.19
2021-08-06,53.0,45.237544,20.236776,3.500967,217.98,1.55,208.35
2021-08-09,54.0,46.130884,19.742805,2.819369,217.3322,0.19,208.89
2021-08-10,58.0,53.899693,18.61408,2.705625,216.792,4.67,214.07
2021-08-11,69.0,62.445825,18.941068,3.839756,216.37,6.98,221.66
2021-08-12,68.0,60.19742,19.422458,4.487855,215.9056,5.71,220.24
2021-08-13,66.0,57.57202,19.678813,4.836489,215.4002,4.63,218.57
2021-08-16,65.0,56.212425,19.083568,4.770205,214.874,1.7,217.71
2021-08-17,54.0,49.910008,17.721576,4.733706,214.3476,-3.71,213.44
2021-08-18,52.0,45.263896,16.629304,4.74513,213.7406,-4.74,209.81
2021-08-19,48.0,39.427504,16.773326,4.963501,213.1366,-6.46,204.45
2021-08-20,48.0,40.186792,16.90706,5.13793,212.7208,-5.87,204.94
2021-08-23,51.0,46.389976,16.449352,5.153114,212.4896,-2.01,209.14
2021-08-24,61.0,50.895002,15.277376,5.161284,212.3612,1.33,212.59
2021-08-25,63.0,53.539599,14.652877,5.225785,212.2672,5.04,214.76
2021-08-26,52.0,48.935684,13.719954,5.216076,212.1488,3.07,211.24
2021-08-27,60.0,50.985959,12.853669,5.13022,212.2164,1.76,212.83
2021-08-30,52.0,49.141744,12.139303,4.926622,212.2682,-0.54,211.45
2021-08-31,51.0,48.350168,11.562361,4.87605,212.2214,-1.81,210.87
2021-09-01,49.0,44.478963,11.838729,4.671323,212.118,-1.55,207.96
2021-09-02,52.0,50.124322,11.587381,4.539882,212.0778,-0.49,211.78
2021-09-03,51.0,48.177095,11.353986,4.474268,211.8984,-0.51,210.37
2021-09-07,49.0,45.30068,11.613227,4.501929,211.7368,-1.25,208.23
2021-09-08,48.0,43.397002,12.466221,4.637947,211.5468,-0.57,206.77
2021-09-09,40.0,41.653946,13.248964,4.272426,211.3532,-3.0,205.42
2021-09-10,40.0,41.113847,13.992341,3.923592,211.1008,-2.55,205.01
2021-09-13,42.0,43.407483,14.873329,3.537762,210.8906,-0.97,206.2
2021-09-14,40.0,38.196877,16.156303,3.392173,210.582,-2.15,202.33
2021-09-15,43.0,44.500181,17.15833,3.30021,210.4262,0.15,205.73
2021-09-16,41.0,41.635313,18.088783,3.459486,210.2044,-0.69,203.6
2021-09-17,39.0,36.998755,19.637427,3.849554,209.9572,-3.13,199.75
2021-09-20,32.0,28.946676,22.47328,5.355236,209.4252,-5.69,190.82
2021-09-21,30.0,28.22082,25.239185,6.550011,208.8504,-7.72,189.84
2021-09-22,32.0,31.08817,27.16934,7.150967,208.3736,-6.02,191.35
2021-09-23,36.0,40.084037,27.942674,7.045164,208.0732,-1.57,196.62
2021-09-24,37.0,40.402009,28.600191,7.047006,207.7814,3.14,196.82
2021-09-27,39.0,45.36659,27.960394,6.76383,207.6224,5.35,200.0
2021-09-28,39.0,46.201314,27.366297,6.498654,207.5718,4.81,200.55
2021-09-29,37.0,42.772048,27.019466,6.275373,207.37,0.64,197.87
2021-09-30,33.0,36.37159,27.703562,6.461952,206.9948,-2.46,191.97
2021-10-01,35.0,40.224756,28.39505,6.12368,206.6982,-2.83,194.33
2021-10-04,35.0,38.933692,29.023701,5.835067,206.3702,-3.7,193.13
2021-10-05,35.0,38.239768,29.869233,5.637457,205.9996,-2.71,192.5
2021-10-06,36.0,37.508398,31.071631,5.482286,205.6388,-0.06,191.86
2021-10-07,39.0,44.461406,30.859345,5.207119,205.325,0.73,195.75
2021-10-08,38.0,43.667811,30.60325,4.912208,204.977,1.05,195.16
2021-10-11,37.0,40.6607,30.729002,4.477196,204.6998,0.2,192.89
2021-10-12,35.0,37.064366,31.337901,4.436578,204.395,-1.01,189.92
2021-10-13,35.0,35.934941,32.171268,3.992006,204.0038,-3.48,188.94
2021-10-14,40.0,45.730001,31.794562,3.428167,203.8,-0.43,194.33
2021-10-15,43.0,52.530891,30.202044,3.372529,203.6366,3.18,199.02
2021-10-18,42.0,51.291128,28.723277,3.386956,203.4332,4.35,198.18
2021-10-19,43.0,55.294979,26.676526,3.494675,203.2782,6.46,201.14
2021-10-20,52.0,59.031855,25.565402,3.899703,203.0806,5.07,204.19
2021-10-21,42.0,55.663913,24.336805,4.13891,202.6902,1.57,202.14
2021-10-22,41.0,53.284361,23.057194,4.257722,202.2984,1.25,200.65
2021-10-25,50.0,55.432508,22.090797,4.381123,201.9712,0.53,202.21
2021-10-26,40.0,51.251326,20.901827,4.341676,201.6098,-2.23,199.64
2021-10-27,38.0,46.133246,19.927519,4.326571,201.2636,-2.97,196.13
2021-10-28,52.0,56.694898,18.977727,4.534875,201.1492,1.71,204.09
2021-10-29,50.0,56.574839,19.112717,4.755556,201.1404,0.89,204.01
2021-11-01,51.0,58.207029,19.238065,4.964109,201.1492,2.88,205.38
2021-11-02,52.0,60.250525,19.526148,5.185647,201.1088,5.6,207.12
2021-11-03,49.0,54.375901,19.442763,5.045712,200.928,-0.26,203.55
2021-11-04,50.0,54.42951,19.365335,5.065252,200.7046,-0.21,203.59
2021-11-05,51.0,57.508112,20.081602,5.13232,200.5974,0.24,205.88
2021-11-08,55.0,66.433862,21.840307,5.701334,200.6258,3.44,214.25
2021-11-09,52.0,59.315956,22.793091,5.368897,200.593,3.08,209.81
2021-11-10,50.0,54.840898,22.976595,4.497186,200.509,1.51,206.67
2021-11-11,52.0,56.914504,23.226541,4.165405,200.5204,1.29,208.53
2021-11-12,52.0,57.745799,23.501339,4.175206,200.4702,-2.32,209.27
2021-11-15,51.0,55.322525,23.291926,3.986664,200.417,-1.0,207.71
2021-11-16,49.0,51.894836,22.65865,3.898512,200.361,-0.6,205.43
2021-11-17,47.0,48.422941,21.145151,3.920136,200.2852,-2.66,202.98
2021-11-18,45.0,46.298932,19.784832,3.948994,200.2052,-3.75,201.42
2021-11-19,45.0,44.964607,18.76662,3.960585,200.1138,-3.5,200.44
2021-11-22,46.0,48.150258,17.462738,3.95497,200.0374,-1.48,202.38
2021-11-23,49.0,52.639541,16.52419,3.765467,200.0974,1.16,205.33
2021-11-24,51.0,55.108462,16.311552,3.153217,200.1242,2.81,207.07
2021-11-26,36.0,43.42371,15.799442,3.492102,200.0268,-0.85,198.73
2021-11-29,33.0,40.321559,15.971031,4.060883,199.9502,-3.19,195.92
2021-11-30,30.0,37.6709,16.439092,4.795382,200.0008,-5.83,193.35
2021-12-01,28.0,35.816067,16.423192,5.521287,200.0334,-7.53,191.47
2021-12-02,33.0,44.190318,16.408428,5.722692,200.1422,-0.98,196.79
2021-12-03,33.0,45.640395,15.895066,5.848352,200.1658,0.96,197.8
2021-12-06,43.0,50.420387,15.069464,5.823385,200.255,4.1,201.28
2021-12-07,46.0,54.403245,14.934749,5.224183,200.3448,6.8,204.49
2021-12-08,46.0,53.966911,14.809656,4.959453,200.4176,3.76,204.19
2021-12-09,46.0,53.873853,13.963524,4.871583,200.5428,3.2,204.13
2021-12-10,45.0,52.779314,13.400064,4.648645,200.7726,1.08,203.46
2021-12-13,43.0,49.226634,12.448853,4.310399,200.911,-1.58,201.25
2021-12-14,43.0,49.867941,11.736129,4.053057,201.0812,-1.25,201.64
2021-12-15,44.0,51.410126,11.380202,3.941945,201.2822,-0.77,202.55
2021-12-16,47.0,57.068013,11.508315,4.087424,201.5684,1.33,206.17
2021-12-17,35.0,48.931895,10.747559,4.087177,201.6808,0.06,201.37
2021-12-20,30.0,41.1524,11.494365,4.261125,201.6868,-3.06,195.46
2021-12-21,33.0,45.640634,11.835825,4.275178,201.7952,-2.09,198.31
2021-12-22,43.0,51.057005,11.194375,4.151341,202.0398,-1.95,202.15
2021-12-23,47.0,56.032892,10.92285,4.085029,202.385,2.4,206.2
2021-12-27,47.0,56.245814,10.670721,4.270723,202.626,5.59,206.38
2021-12-28,47.0,56.547954,10.692834,4.306215,202.778,4.19,206.62
2021-12-29,48.0,57.483322,10.769431,4.096159,202.961,2.56,207.33
2021-12-30,46.0,55.229219,10.91398,3.40636,203.0598,-0.06,206.08
2021-12-31,47.0,56.205725,10.975858,3.231543,203.1108,0.17,206.74
2022-01-03,47.0,56.607243,11.228629,3.084424,203.208,0.18,207.0
2022-01-04,56.0,69.458161,13.209661,4.353765,203.5566,5.18,218.08
2022-01-05,57.0,70.858981,15.559309,5.480122,203.9074,6.63,219.75
2022-01-06,57.0,72.66969,17.705705,6.573226,204.3544,7.38,221.99
2022-01-07,59.0,74.355096,20.049715,7.63567,204.9156,8.3,224.19
2022-01-10,55.0,69.040553,21.730538,8.204866,205.2666,1.63,221.64
2022-01-11,54.0,65.68949,22.166185,8.439399,205.5854,0.09,219.95
2022-01-12,55.0,68.106323,22.802231,8.743972,205.9258,0.18,222.4
2022-01-13,59.0,72.082561,23.946339,9.305558,206.3234,1.25,227.0
2022-01-14,61.0,73.578628,25.2202,9.983754,206.8312,3.29,228.94
2022-01-18,62.0,74.289913,26.498128,10.338354,207.3568,4.51,229.87
2022-01-19,54.0,59.150941,26.090523,9.561704,207.6724,-0.33,221.66
2022-01-20,50.0,52.140419,24.662428,8.75119,207.72,-4.57,216.63
2022-01-21,48.0,48.983325,23.135315,8.172048,207.8056,-6.49,214.09
2022-01-24,48.0,49.295729,22.626175,7.838675,207.9588,-6.76,214.33
2022-01-25,49.0,49.268653,21.790875,7.482221,208.0744,-3.32,214.31
2022-01-26,49.0,49.239528,20.624081,7.105402,208.1748,-1.08,214.29
2022-01-27,47.0,46.126786,19.887833,6.820956,208.264,-0.9,212.17
2022-01-28,30.0,34.07806,20.877838,7.318961,208.1786,-6.14,201.16
2022-01-31,30.0,34.744961,21.999528,7.783041,208.1502,-5.95,201.56
2022-02-01,34.0,40.85076,22.227091,7.90227,208.2288,-4.17,205.35
2022-02-02,32.0,40.410256,22.436482,8.357215,208.3188,-3.41,204.94
2022-02-03,29.0,35.977533,22.78787,9.036007,208.283,-0.28,200.59
2022-02-04,27.0,33.966664,23.528977,9.674149,208.1446,-1.56,198.41
2022-02-07,29.0,36.441107,24.100316,9.930195,207.9996,-2.69,199.82
2022-02-08,30.0,39.35698,24.448062,10.069366,208.055,-1.68,201.5
2022-02-09,32.0,42.884283,24.348348,10.090837,208.2086,1.5,203.6
2022-02-10,32.0,42.216877,23.656689,9.937647,208.403,2.35,203.07
2022-02-11,30.0,39.907447,23.246664,9.3913,208.5984,0.71,201.24
2022-02-14,29.0,38.245322,23.187129,8.452806,208.6604,-0.8,199.89
2022-02-15,32.0,44.711384,22.48177,6.829133,208.7726,-0.09,203.41
2022-02-16,33.0,45.115761,21.604491,5.909734,208.8198,0.28,203.64
2022-02-17,25.0,34.577065,22.117594,5.810324,208.6248,-3.23,194.74
2022-02-18,23.0,32.049631,22.992084,6.003725,208.38,-3.97,191.95
2022-02-22,21.0,31.394163,23.879242,6.032634,208.1216,-6.0,191.21
2022-02-23,18.0,27.656986,25.177003,6.293096,207.7858,-8.33,186.67
2022-02-24,18.0,26.192561,27.005587,6.462611,207.4546,-5.16,184.69
2022-02-25,21.0,30.908366,28.051925,6.312791,207.163,-2.55,187.06
2022-02-28,22.0,31.935948,28.819522,6.680223,206.8636,-1.9,187.58
2022-03-01,19.0,27.859877,29.849809,7.332855,206.3968,-2.06,182.83
2022-03-02,28.0,43.772464,29.566919,7.09542,206.2216,4.29,192.61
2022-03-03,29.0,46.673801,28.686329,6.792102,206.2094,4.16,194.85
2022-03-04,30.0,47.724245,28.148764,6.69044,206.1564,4.31,195.66
2022-03-07,31.0,49.11034,26.278292,6.660004,206.0474,7.59,196.7
2022-03-08,48.0,62.722863,25.761639,7.351633,206.1234,9.03,210.0
2022-03-09,47.0,62.425404,25.281889,7.883589,206.1914,7.66,209.78
2022-03-10,49.0,64.100525,25.275803,8.456546,206.2948,8.24,211.79
2022-03-11,52.0,66.530822,25.297892,9.265293,206.4448,9.22,214.83
2022-03-14,51.0,67.013381,25.401486,10.067976,206.632,2.59,215.44
2022-03-15,51.0,67.84815,25.006426,10.85931,206.8264,3.18,216.46
2022-03-16,51.0,67.166212,24.917061,11.473898,207.008,2.03,216.08
2022-03-17,55.0,71.697046,25.126122,12.454327,207.0804,3.2,221.7
2022-03-18,61.0,70.22997,25.320249,13.173154,207.1036,2.54,220.91
2022-03-21,64.0,72.386692,26.154361,13.831301,207.138,3.35,223.71
2022-03-22,63.0,70.424419,26.928894,14.184853,207.1084,3.07,222.71
2022-03-23,63.0,69.33145,27.648103,14.050259,207.119,0.21,222.17
2022-03-24,63.0,69.369374,28.345071,13.524221,207.1642,0.59,222.21
2022-03-25,64.0,70.498816,28.878516,12.983089,207.1834,-0.16,223.36
2022-03-28,62.0,67.0052,28.732157,12.135748,207.0804,-0.39,221.85
2022-03-29,61.0,65.140369,27.88804,10.295585,206.9224,-0.51,221.04
2022-03-30,63.0,67.58706,27.877662,9.266021,206.7866,0.39,223.08
2022-03-31,63.0,66.942175,27.868026,8.127379,206.8098,-0.24,222.82
2022-04-01,60.0,59.740992,26.705703,6.568346,206.8726,-0.94,219.77
2022-04-04,63.0,61.270883,25.245605,4.453427,207.007,-0.1,220.81
2022-04-05,59.0,51.553639,23.543239,4.015069,207.0408,-3.16,216.02
2022-04-06,60.0,51.879648,22.128865,3.45629,207.0788,-2.97,216.21
2022-04-07,60.0,51.273406,20.815517,3.085202,207.111,-1.76,215.9
2022-04-08,61.0,53.410559,19.468998,2.939914,207.2082,-1.71,217.03
2022-04-11,60.0,51.308747,18.443685,2.895653,207.506,0.01,216.05
2022-04-12,61.0,52.639969,17.270935,2.881443,207.8088,0.23,216.7
2022-04-13,62.0,55.78443,16.239018,2.769589,208.0672,1.1,218.27
2022-04-14,70.0,69.176544,17.329952,3.22672,208.5246,4.97,227.81
2022-04-18,71.0,71.250603,19.060756,3.83509,209.1112,6.42,229.92
2022-04-19,72.0,73.304278,20.536514,4.527432,209.7862,7.13,232.16
2022-04-20,73.0,75.737381,22.339291,5.432948,210.4914,7.7,235.08
2022-04-21,70.0,69.844525,24.191563,5.909467,211.1128,2.09,232.57
2022-04-22,56.0,45.261195,22.638626,6.059099,211.3668,-5.92,216.3
2022-04-25,56.0,45.766597,22.043766,6.164851,211.6394,-6.66,216.7
2022-04-26,43.0,39.484951,21.284048,6.655032,211.8206,-10.54,210.3
2022-04-27,54.0,44.201593,20.861042,6.841261,212.102,-8.0,213.96
2022-04-28,53.0,42.712667,21.136505,7.059183,212.2826,-1.78,212.44
2022-04-29,44.0,40.859876,20.616033,7.345119,212.4206,-2.84,210.54
2022-05-02,45.0,43.00394,20.454649,7.532193,212.7672,0.84,212.07
2022-05-03,54.0,45.172535,19.838583,7.624566,213.2006,-0.16,213.62
2022-05-04,60.0,55.681579,18.805549,7.631381,213.8282,4.78,222.59
2022-05-05,54.0,48.281856,17.83688,7.637312,214.4134,2.56,215.93
2022-05-06,46.0,46.989377,16.72478,7.669901,215.0126,1.22,214.65
2022-05-09,39.0,39.543782,16.385906,8.165416,215.3972,-3.43,206.29
2022-05-10,36.0,37.048269,16.581254,8.844966,215.7054,-8.81,202.99
2022-05-11,38.0,39.800585,16.72792,9.276271,216.153,-4.96,205.21
2022-05-12,37.0,38.041698,17.388849,9.790927,216.3614,-5.41,203.03
2022-05-13,38.0,39.75158,17.779794,9.79704,216.551,-0.95,204.33
2022-05-16,41.0,43.449124,17.603623,9.371426,216.7816,2.07,207.19
2022-05-17,45.0,50.234398,16.62569,8.439468,217.1094,3.84,213.09
2022-05-18,41.0,45.142774,15.81148,6.891448,217.0682,2.42,207.94
2022-05-19,42.0,44.041299,15.1925,5.125216,217.0078,1.19,206.76
2022-05-20,34.0,36.729257,15.567633,5.684991,216.7284,-4.52,197.82
2022-05-23,40.0,43.839153,15.915971,5.588558,216.5148,-4.2,204.15
2022-05-24,41.0,45.404776,16.20048,5.636352,216.319,-1.1,205.65
2022-05-25,44.0,49.131099,15.672539,5.522223,216.176,1.23,209.31
2022-05-26,47.0,52.631869,14.602947,5.541716,216.1142,7.67,212.99
2022-05-27,57.0,56.285479,14.10528,5.82436,216.023,6.36,217.14
2022-05-31,48.0,54.868758,13.529793,5.975814,215.9218,4.96,215.85
2022-06-01,56.0,56.443002,13.137096,6.176358,215.799,3.95,217.57
2022-06-02,58.0,58.638117,13.061178,5.923001,215.7448,3.29,220.0
2022-06-03,60.0,61.154173,13.476622,6.476479,215.7594,2.65,222.9
2022-06-06,61.0,61.784369,13.958521,7.083903,215.7878,3.6,223.63
2022-06-07,64.0,64.714667,14.768536,7.914025,215.8626,4.38,227.1
2022-06-08,66.0,66.84496,16.170496,8.641499,216.0216,4.45,229.8
2022-06-09,62.0,58.24692,17.23072,8.790339,216.0742,0.35,223.67
2022-06-10,47.0,48.870999,16.444612,8.459666,215.9162,-3.78,215.18
2022-06-13,41.0,41.788972,16.290223,8.32962,215.5974,-8.9,206.88
2022-06-14,40.0,41.640215,16.146861,8.351437,215.3358,-10.06,206.69
2022-06-15,40.0,41.068465,16.290793,8.539641,215.0396,-7.9,206.0
2022-06-16,32.0,33.113476,17.498062,9.429364,214.615,-9.48,194.79
2022-06-17,31.0,31.839631,18.836122,10.366678,214.1436,-6.88,192.64
2022-06-21,35.0,36.410045,19.944317,10.473525,213.753,-4.99,196.37
2022-06-22,28.0,31.244348,21.529766,11.65484,213.169,-8.82,187.83
2022-06-23,23.0,26.844957,23.808578,13.655155,212.4214,-8.28,178.67
2022-06-24,29.0,34.266305,25.924616,14.685186,211.7972,-3.71,185.49
2022-06-27,31.0,36.405634,27.014702,15.372583,211.1836,-4.47,187.59
2022-06-28,32.0,36.314721,27.474549,15.825441,210.3762,-0.21,187.44
2022-06-29,30.0,33.907361,28.347461,16.410884,209.4474,2.69,183.48
2022-06-30,26.0,31.248362,29.533515,17.054606,208.3794,-3.63,178.76
2022-07-01,27.0,30.987773,30.870353,17.36456,207.2436,-4.96,178.29
2022-07-05,18.0,28.519178,32.318268,17.519724,206.0674,-7.3,173.76
2022-07-06,19.0,27.756949,33.748771,17.365256,205.1876,-6.09,172.31
2022-07-07,25.0,37.625057,33.58718,16.07382,204.4592,0.85,180.28
2022-07-08,24.0,36.823073,33.437131,13.978222,203.8352,0.45,179.1
2022-07-11,21.0,34.115372,33.467379,12.153702,203.0564,0.73,175.02
2022-07-12,22.0,33.768006,33.688445,10.821198,202.2974,1.27,174.49
2022-07-13,21.0,33.340337,33.965585,10.045039,201.564,-3.56,173.87
2022-07-14,19.0,30.687279,34.666032,9.166986,200.7214,-5.11,169.94
2022-07-15,22.0,35.523735,34.735199,7.675797,199.9166,-0.94,173.38
2022-07-18,23.0,35.67829,34.119236,7.174133,198.9346,-0.57,173.49
2022-07-19,28.0,43.617517,32.971191,6.573056,198.2058,3.23,179.49
2022-07-20,29.0,44.210779,31.697464,5.313752,197.5122,5.9,179.97
2022-07-21,30.0,45.522564,30.599746,4.916013,197.0062,4.39,180.99
2022-07-22,27.0,42.993021,29.227982,4.915832,196.5188,2.96,178.62
2022-07-25,30.0,47.24242,27.9542,4.707264,196.0508,1.29,181.81
2022-07-26,29.0,46.562809,26.540719,4.248128,195.6148,0.7,181.23
2022-07-27,32.0,51.744356,24.687628,4.019973,195.2332,2.35,185.25
2022-07-28,34.0,54.786255,23.531648,4.426451,194.8462,5.16,187.84
2022-07-29,48.0,64.478481,23.930738,6.27086,194.5494,9.04,198.25
2022-08-01,45.0,59.970094,24.301321,7.169805,194.2878,7.52,194.86
2022-08-02,28.0,47.895283,22.693944,7.080432,193.8228,-0.94,183.51
2022-08-03,27.0,47.316751,21.188468,6.863921,193.5238,-2.65,182.87
2022-08-04,28.0,48.128573,19.709077,6.892328,193.1136,-7.37,183.64
2022-08-05,29.0,50.013827,18.305392,6.947174,192.7084,-4.86,185.39
2022-08-08,30.0,50.479019,17.335726,6.86513,192.2384,1.25,185.81
2022-08-09,30.0,50.737631,16.435322,6.715276,191.6992,1.73,186.03
2022-08-10,34.0,56.01156,16.253164,6.660066,191.1708,3.86,190.72
2022-08-11,44.0,59.293765,16.720551,6.329246,190.7338,4.64,194.0
2022-08-12,47.0,61.941689,17.357224,6.359937,190.3192,5.94,196.84
2022-08-15,46.0,60.611077,17.765687,6.112878,189.8382,5.33,195.95
2022-08-16,48.0,62.155503,18.441651,6.316078,189.3306,3.57,197.52
2022-08-17,46.0,59.606509,18.778568,6.315572,188.7766,0.99,195.93
2022-08-18,47.0,61.139276,19.216341,6.368197,188.1816,0.26,197.35
2022-08-19,46.0,58.207846,19.211367,6.027733,187.4976,-0.18,195.6
2022-08-22,43.0,52.283966,18.591328,5.732995,186.8594,-2.92,191.76
2022-08-23,49.0,58.707146,18.825213,5.491395,186.5,0.65,197.21
2022-08-24,46.0,54.301725,19.13838,5.340516,186.2456,-1.62,194.16
2022-08-25,50.0,59.381529,19.472112,5.475454,186.0894,1.68,198.88
2022-08-26,44.0,50.472092,18.948296,5.303431,185.8078,0.08,191.92
2022-08-29,44.0,50.308589,17.749698,5.262636,185.7476,-2.75,191.78
2022-08-30,40.0,44.8938,17.304605,5.039422,185.6336,-3.72,186.94
2022-08-31,31.0,42.617789,16.909857,4.886094,185.4004,-7.12,184.71
2022-09-01,29.0,40.373933,17.38686,4.995833,185.2926,-4.94,182.44
2022-09-02,27.0,38.813065,17.154051,5.38346,185.3358,-5.71,180.83
2022-09-06,27.0,38.643187,16.989398,5.773742,185.2392,-3.36,180.66
2022-09-07,27.0,38.981562,17.119026,6.120907,185.1046,-2.08,180.86
2022-09-08,30.0,42.866749,16.824134,6.374074,185.0188,0.39,183.15
2022-09-09,42.0,51.982435,16.241579,6.340971,185.139,4.79,189.49
2022-09-12,45.0,55.492553,16.259313,6.198202,185.4118,6.5,192.4
2022-09-13,30.0,45.528333,15.437474,6.203458,185.5322,1.91,184.31
2022-09-14,30.0,45.96745,14.967451,6.044607,185.75,0.82,184.65
2022-09-15,28.0,43.564731,14.233015,6.011777,185.9536,-3.69,182.49
2022-09-16,25.0,40.386222,14.254683,5.970368,185.9374,-6.72,179.47
2022-09-19,28.0,44.217705,13.75366,5.797645,185.9976,-1.19,182.11
2022-09-20,24.0,39.907011,13.380318,6.006657,186.057,-3.61,177.99
2022-09-21,19.0,34.584072,13.810978,6.235889,186.0062,-5.78,171.95
2022-09-22,19.0,33.469701,14.463953,6.624052,185.9398,-4.97,170.55
2022-09-23,16.0,28.942984,16.188127,6.993658,185.8258,-9.81,164.24
2022-09-26,16.0,27.899703,17.789145,7.813747,185.6106,-8.64,162.62
2022-09-27,17.0,27.779883,19.462977,8.329634,185.3896,-5.53,162.44
2022-09-28,22.0,36.464865,20.009964,8.487649,185.155,-1.64,167.76
2022-09-29,21.0,34.8853,20.51788,8.758223,184.8736,1.01,165.9
2022-09-30,20.0,33.362419,20.680373,9.127412,184.5354,0.9,164.08
2022-10-03,26.0,43.751012,19.542559,9.134115,184.3876,5.41,171.23
2022-10-04,32.0,53.017792,19.018006,9.110102,184.344,7.08,179.63
2022-10-05,31.0,51.654044,18.542117,9.058013,184.287,7.52,178.38
2022-10-06,31.0,52.110394,18.221626,8.92901,184.1582,8.98,178.81
2022-10-07,30.0,50.603093,17.530463,8.356122,183.9524,3.69,177.55
2022-10-10,30.0,51.933998,17.289685,7.402032,183.5608,-0.53,178.67
2022-10-11,31.0,53.242247,17.40057,7.154477,183.2586,0.77,179.75
2022-10-12,31.0,52.883431,17.503534,6.853362,183.1784,0.39,179.5
2022-10-13,34.0,57.386513,16.322242,6.896111,183.1838,3.15,183.14
2022-10-14,29.0,50.340518,15.225328,6.848864,183.0748,-0.27,178.19
2022-10-17,31.0,53.577082,14.206765,6.774212,182.983,0.58,180.8
2022-10-18,40.0,56.773816,13.412656,7.054529,182.9378,2.26,183.55
2022-10-19,41.0,57.753567,12.716735,7.39358,182.9054,0.69,184.41
2022-10-20,30.0,52.037693,11.95512,7.443087,182.7018,1.32,180.54
2022-10-21,46.0,62.132898,12.068053,7.703967,182.6262,5.21,190.22
2022-10-24,46.0,63.066934,12.527692,7.682438,182.5154,4.22,191.3
2022-10-25,49.0,66.025109,13.606948,7.690341,182.4932,5.66,194.84
2022-10-26,52.0,67.693931,15.218662,8.100398,182.482,9.09,196.96
2022-10-27,64.0,76.568873,18.370589,9.896724,182.8062,11.52,212.14
2022-10-28,69.0,79.4522,21.44302,11.722751,183.246,14.66,219.34
2022-10-31,66.0,75.452599,24.295991,12.962596,183.6632,11.1,216.46
2022-11-01,68.0,76.360368,26.985207,14.368332,184.198,10.94,218.5
2022-11-02,64.0,70.880778,28.701275,15.032898,184.5446,1.13,214.54
2022-11-03,69.0,73.336757,29.615342,15.82763,185.0466,-0.04,219.26
2022-11-04,74.0,77.119046,31.188128,16.971599,185.626,5.26,227.85
2022-11-07,75.0,77.424199,32.416923,17.817612,186.3598,4.63,228.61
2022-11-08,75.0,77.924779,33.851999,18.443481,187.1204,7.12,229.81
2022-11-09,73.0,71.822108,34.77047,18.427373,187.8924,2.86,225.54
2022-11-10,76.0,75.206065,35.930317,18.793316,188.8472,2.02,232.45
2022-11-11,79.0,76.949049,37.453847,18.733816,189.9282,3.45,236.49
2022-11-14,79.0,76.95338,38.96978,18.445724,191.0416,2.91,236.5
2022-11-15,78.0,74.097808,39.909155,17.859267,192.1202,4.01,234.59
2022-11-16,77.0,70.879716,40.278204,16.849122,193.1514,-0.01,232.42
2022-11-17,75.0,67.978659,39.354826,14.854028,194.0972,-2.56,230.44
2022-11-18,75.0,68.669152,38.659959,13.453823,194.936,-2.14,231.43
2022-11-21,75.0,69.203719,38.24095,11.705905,195.7314,-1.03,232.17
2022-11-22,78.0,72.659213,38.291868,10.042637,196.7904,2.08,237.26
2022-11-23,78.0,72.07744,38.569217,7.880694,197.8358,2.81,236.92
2022-11-25,77.0,69.914238,38.715269,7.20852,198.9,1.85,235.7
2022-11-28,74.0,64.137126,37.922072,6.903813,199.9566,0.06,232.3
2022-11-29,84.0,66.60214,37.292793,6.319826,201.0168,-0.9,235.12
2022-11-30,85.0,67.695991,36.855381,5.820029,202.1852,-0.22,236.41
2022-12-01,85.0,66.389036,36.484752,4.437707,203.46,0.0,235.69
2022-12-02,86.0,66.81074,36.362729,3.336487,204.7716,1.65,236.13
2022-12-05,80.0,60.226723,35.840662,3.10953,206.1382,-1.08,232.57
2022-12-06,78.0,53.411805,33.630032,3.134996,207.4516,-3.43,228.29
2022-12-07,78.0,54.309416,31.577305,3.187452,208.7824,-2.85,228.98
2022-12-08,79.0,56.827982,30.210357,2.705951,210.0456,-2.21,230.92
2022-12-09,74.0,51.146864,28.377184,3.033218,211.2734,-2.27,227.29
2022-12-12,79.0,58.285465,26.801965,2.948365,212.653,2.09,233.06
2022-12-13,80.0,60.87818,26.230645,2.899822,213.9382,2.84,235.49
2022-12-14,78.0,59.230354,25.754839,2.897206,215.0352,1.54,234.48
2022-12-15,75.0,53.348691,23.992821,2.944492,216.0808,1.48,230.66
2022-12-16,76.0,55.892344,22.419264,2.884154,217.159,-0.15,232.72
2022-12-19,73.0,55.215574,21.719957,2.864091,218.2538,-1.36,232.29
2022-12-20,78.0,58.778256,21.070601,2.882606,219.3832,0.28,235.14
2022-12-21,81.0,65.593951,21.552959,3.316157,220.6228,4.8,241.73
2022-12-22,77.0,58.923079,20.881117,3.349826,221.7836,2.07,237.54
2022-12-23,79.0,61.281206,20.257264,3.593379,222.9182,3.26,239.87
2022-12-27,80.0,64.372441,20.443043,4.102564,224.2172,3.4,243.14
2022-12-28,76.0,58.58094,20.262462,4.243818,225.3888,-0.97,239.38
2022-12-29,76.0,59.438016,20.092246,4.40255,226.5218,1.12,240.2
2022-12-30,75.0,58.421893,19.781529,4.521791,227.6248,-0.13,239.56
2023-01-03,74.0,57.301016,19.088971,4.596114,228.7916,-1.75,238.88
2023-01-04,75.0,60.293112,18.756814,4.749957,229.8144,0.83,241.36
2023-01-05,74.0,58.37471,18.167405,4.548313,230.794,0.03,240.28
2023-01-06,79.0,67.28139,19.143857,5.020842,231.8744,3.88,248.86
2023-01-09,76.0,63.463462,20.203858,5.210356,232.8676,3.24,246.62
2023-01-10,78.0,66.968899,21.188146,5.296983,233.635,3.79,250.51
2023-01-11,78.0,67.1608,22.266739,5.677724,234.2628,4.35,250.73
2023-01-12,79.0,70.768608,24.015873,6.455321,235.035,2.5,255.07
2023-01-13,79.0,73.241519,25.781661,7.312191,235.8342,4.8,258.46
2023-01-17,78.0,69.152909,27.642054,7.428548,236.6686,2.3,256.26
2023-01-18,75.0,63.210932,28.114693,7.269574,237.3398,0.83,252.82
2023-01-19,70.0,53.110371,26.634416,6.716039,237.6978,-3.65,245.75
2023-01-20,72.0,57.232554,25.259872,6.376938,238.1198,-3.39,249.71
2023-01-23,74.0,60.085795,24.651439,6.471221,238.5776,-1.39,252.7
2023-01-24,78.0,64.298028,24.885893,6.577083,239.219,1.89,257.61
2023-01-25,78.0,64.970996,25.122955,6.758424,239.7388,5.16,258.44
2023-01-26,79.0,67.863383,25.761299,7.277484,240.2514,4.97,262.12
2023-01-27,80.0,69.638798,26.813668,7.626094,240.8122,4.69,264.54
2023-01-30,78.0,64.796092,27.569856,7.597201,241.3504,1.51,261.5
2023-01-31,71.0,52.813389,25.910314,7.078281,241.7478,-2.38,252.29
2023-02-01,69.0,49.849096,24.530442,6.424442,242.1298,-4.8,249.54
2023-02-02,66.0,45.235636,23.749249,6.150905,242.3992,-7.42,244.9
2023-02-03,69.0,48.405267,22.767259,5.570006,242.711,-5.25,247.76
2023-02-06,72.0,52.216691,21.637379,5.495197,242.9942,-0.34,251.42
2023-02-07,71.0,50.292703,21.002916,5.344497,243.249,0.05,249.66
2023-02-08,71.0,49.412609,20.413771,5.403373,243.5124,1.62,248.87
2023-02-09,68.0,46.537308,20.127586,5.601165,243.792,-0.6,246.28
2023-02-10,69.0,48.276829,19.999896,5.714302,244.043,-1.49,247.67
2023-02-13,69.0,48.895215,20.206233,5.655565,244.2778,-0.6,248.15
2023-02-14,59.0,44.383216,20.559007,5.841053,244.4512,-1.81,244.36
2023-02-15,69.0,50.065686,20.493398,5.874163,244.7026,0.98,248.7
2023-02-16,68.0,47.443535,20.432475,5.838118,244.9816,-0.46,246.52
2023-02-17,69.0,49.115541,19.732561,5.884616,245.3716,-0.15,247.79
2023-02-21,56.0,41.239041,20.166825,6.329903,245.6062,-1.49,240.71
2023-02-22,54.0,38.584853,21.067469,6.737144,245.7456,-4.35,237.89
2023-02-23,54.0,38.675288,22.020402,6.924361,245.9588,-3.48,237.95
2023-02-24,53.0,36.937525,23.261508,6.760765,246.021,-4.69,236.17
2023-02-27,57.0,42.856109,23.155119,5.730382,246.1108,-0.3,239.98
2023-02-28,58.0,42.37276,23.057996,4.752943,246.2122,0.7,239.55
2023-03-01,72.0,54.177119,21.738357,4.548125,246.5724,4.51,248.67
2023-03-02,74.0,57.763061,20.992412,4.709727,246.9616,6.78,252.18
2023-03-03,75.0,60.715393,20.763726,5.191849,247.422,6.39,255.31
2023-03-06,73.0,58.833519,20.59873,5.479495,247.7988,6.02,253.98
2023-03-07,59.0,49.160605,19.259771,5.341827,247.887,-1.02,246.14
2023-03-08,68.0,51.959754,18.016451,5.311943,248.1106,-1.37,248.72
2023-03-09,55.0,44.095669,17.692595,5.361356,248.1324,-5.62,240.96
2023-03-10,45.0,34.103188,19.129333,6.682504,247.8098,-10.62,227.01
2023-03-13,44.0,32.778574,20.819346,7.890104,247.5162,-8.71,224.7
2023-03-14,44.0,33.938913,22.134849,8.677105,247.2256,-9.27,225.67
2023-03-15,39.0,29.228182,24.094208,10.206963,246.7796,-9.84,217.26
2023-03-16,42.0,31.006283,25.913613,11.099122,246.3762,-3.66,218.71
2023-03-17,40.0,29.003799,27.73726,12.148317,245.8492,-4.31,215.01
2023-03-20,43.0,35.436132,28.49321,12.480922,245.4498,-2.38,220.31
2023-03-21,47.0,40.486878,28.410864,12.677633,244.971,3.53,224.92
2023-03-22,44.0,37.115834,28.708242,13.108015,244.4376,0.57,219.95
2023-03-23,44.0,36.777433,29.199477,13.490741,243.8162,2.06,219.44
2023-03-24,43.0,35.133753,30.054489,13.955874,243.1418,-1.5,217.01
2023-03-27,44.0,36.381247,30.535508,14.208302,242.4004,-3.08,218.0
2023-03-28,46.0,39.131737,30.652228,14.299122,241.6344,0.1,220.16
2023-03-29,48.0,42.642979,30.222377,13.771351,240.9692,1.62,223.0
2023-03-30,48.0,44.512175,29.225185,12.768537,240.4036,3.47,224.54
2023-03-31,50.0,49.464384,27.806536,11.14151,240.0654,4.97,228.84
2023-04-03,50.0,50.601675,25.941537,9.274283,239.6686,4.41,229.87
2023-04-04,42.0,39.158144,25.586071,8.119466,238.9636,-2.49,217.45
2023-04-05,41.0,36.363001,25.719482,6.16654,238.082,-4.9,213.53
2023-04-06,39.0,33.498844,26.085881,5.173376,237.0966,-8.6,209.17
2023-04-10,44.0,40.821321,25.899811,5.080507,236.1648,-6.24,215.53
2023-04-11,48.0,45.932278,24.687218,4.974531,235.286,1.45,220.6
2023-04-12,48.0,45.848177,23.515098,4.80183,234.466,3.26,220.5
2023-04-13,49.0,47.069403,22.823474,4.78641,233.8536,5.98,221.67
2023-04-14,50.0,49.189378,21.623137,4.846274,233.3364,3.78,223.68
2023-04-17,51.0,50.835241,20.344978,4.815595,232.9432,2.1,225.24
2023-04-18,50.0,50.789812,19.067535,4.914214,232.492,2.13,225.2
2023-04-19,50.0,50.126491,18.132868,4.903552,231.9566,1.34,224.65
2023-04-20,48.0,47.250716,17.491267,4.907111,231.4088,-0.63,222.27
2023-04-21,47.0,44.918593,17.39894,4.897094,230.8368,-2.21,220.27
2023-04-24,49.0,49.186036,16.801028,4.831133,230.3798,-0.79,223.43
2023-04-25,46.0,43.653542,16.588234,4.811004,229.799,-2.68,218.63
2023-04-26,44.0,41.121444,16.705935,4.93875,229.1598,-2.74,216.19
2023-04-27,44.0,39.252335,18.197036,5.139304,228.5592,-2.7,214.33
2023-04-28,47.0,45.646356,18.733178,5.081233,227.9612,-2.07,218.8
2023-05-01,46.0,43.941502,18.977506,4.745467,227.3762,-0.62,217.27
2023-05-02,46.0,41.621802,19.839779,4.261038,226.7234,-0.48,215.15
2023-05-03,47.0,42.378954,20.257321,4.315649,226.222,0.61,215.64
2023-05-04,43.0,36.853308,21.206694,4.565825,225.6718,-3.85,210.38
2023-05-05,47.0,43.906202,22.088254,4.090665,225.2146,-1.0,215.09
2023-05-08,46.0,43.572381,22.418782,4.127113,224.787,-0.17,214.79
2023-05-09,46.0,42.079369,22.917789,4.293141,224.2572,-1.0,213.49
2023-05-10,46.0,41.700591,23.581615,4.445407,223.7296,1.33,213.17
2023-05-11,43.0,38.078496,24.397898,4.740159,222.9568,-2.35,210.03
2023-05-12,43.0,37.530667,24.635737,4.875665,222.104,-2.44,209.54
2023-05-15,45.0,40.806179,24.682548,4.665751,221.2236,-1.03,211.29
2023-05-16,42.0,36.048752,25.012662,4.63294,220.288,-2.8,207.2
2023-05-17,47.0,44.410488,24.49224,4.190857,219.6072,0.99,212.1
2023-05-18,49.0,48.302775,23.614994,3.840126,218.9272,2.47,214.72
2023-05-19,49.0,48.391894,21.959118,3.612747,218.4036,1.65,214.78
2023-05-22,42.0,47.625637,20.617424,2.945313,218.1486,3.41,214.26
2023-05-23,41.0,45.321949,19.474527,2.739594,217.9088,0.29,212.71
2023-05-24,38.0,41.158426,18.818495,2.791137,217.5894,-2.34,209.7
2023-05-25,38.0,41.695006,18.326607,2.864836,217.4438,-2.23,209.98
2023-05-26,40.0,45.193495,17.508247,2.545179,217.3056,-1.15,211.8
2023-05-30,39.0,42.337437,17.148893,2.378311,217.2034,-1.32,209.9
2023-05-31,36.0,36.858377,17.319127,2.676061,216.9122,-1.88,205.75
2023-06-01,39.0,43.192179,17.477201,2.588295,216.5952,-0.43,209.07
2023-06-02,57.0,63.848282,18.059067,4.176428,216.7288,7.0,226.63
2023-06-05,53.0,58.428087,18.599371,4.699854,216.7894,5.99,222.47
2023-06-06,56.0,61.948632,19.268733,5.596934,216.9828,10.17,226.68
2023-06-07,60.0,68.081687,20.799991,7.412213,217.3338,12.67,235.55
2023-06-08,57.0,66.647055,22.221873,8.596777,217.6196,3.45,234.45
2023-06-09,57.0,67.041428,23.463834,9.491619,217.8602,5.65,235.03
2023-06-12,59.0,68.995032,24.949222,10.394427,218.1274,4.95,237.9
2023-06-13,64.0,73.447896,27.018764,11.840129,218.4594,4.2,245.44
2023-06-14,63.0,70.386996,29.064953,12.515066,218.7284,3.78,243.32
2023-06-15,66.0,72.884079,30.969697,13.523715,219.3328,5.38,247.67
2023-06-16,64.0,69.406652,32.937023,14.168076,219.9676,3.1,245.27
2023-06-20,62.0,63.780825,33.558581,14.388567,220.6072,-1.75,241.15
2023-06-21,62.0,64.032302,33.515071,14.47843,221.1262,-0.76,241.48
2023-06-22,59.0,58.540819,32.983587,14.204657,221.461,-4.17,237.34
2023-06-23,57.0,54.983627,31.489225,13.546968,221.7398,-4.42,234.44
2023-06-26,59.0,57.396609,30.653697,12.802304,222.0454,-1.74,236.95
2023-06-27,61.0,60.770836,30.048566,12.119312,222.3856,-0.33,240.69
2023-06-28,61.0,61.798853,29.658111,11.046567,222.7182,1.91,241.87
2023-06-29,63.0,63.848019,29.923914,9.04996,223.099,4.18,244.24
2023-06-30,66.0,65.375584,30.179415,6.771944,223.527,3.84,246.05
2023-07-03,65.0,66.455066,30.603689,6.496031,224.0282,2.76,247.33
2023-07-05,73.0,62.365433,30.683418,5.328332,224.5194,1.22,244.83
2023-07-06,71.0,56.050497,29.461086,4.303491,224.8624,-1.5,240.58
2023-07-07,73.0,60.690102,28.940084,4.195309,225.3934,-0.35,245.18
2023-07-10,76.0,63.926413,28.683032,4.145467,226.0458,0.6,248.81
2023-07-11,78.0,67.166282,29.11506,4.399069,226.8162,3.28,252.85
2023-07-12,78.0,67.745434,29.877596,4.773569,227.5122,5.41,253.6
2023-07-13,79.0,69.491753,30.585666,5.430675,228.284,4.36,255.86
2023-07-14,79.0,69.064119,31.245597,5.937781,229.0934,2.74,255.62
2023-07-17,77.0,70.559907,32.148343,6.506548,229.9298,1.82,257.46
2023-07-18,83.0,75.044415,33.547698,7.621527,230.9984,4.03,263.81
2023-07-19,81.0,73.044194,34.8471,8.287229,231.9516,2.69,262.75
2023-07-20,80.0,69.901974,36.296642,8.658439,232.8776,2.14,261.09
2023-07-21,77.0,63.778991,36.730713,8.471073,233.7608,0.07,257.65
2023-07-24,79.0,65.410436,37.216733,7.970512,234.6848,-1.68,259.37
2023-07-25,81.0,67.849425,37.845262,7.656824,235.7254,-0.26,262.06
2023-07-26,78.0,61.370165,37.728684,7.300779,236.701,-1.06,258.32
2023-07-27,78.0,61.336432,37.484246,6.920419,237.6412,0.25,258.3
2023-07-28,79.0,63.629256,37.547399,6.69959,238.7058,0.41,260.43
2023-07-31,82.0,68.155039,37.92829,6.775432,239.7672,1.19,265.17
2023-08-01,91.0,80.860246,40.136379,9.644985,241.2458,11.74,288.65
2023-08-02,90.0,79.29318,42.399888,11.186243,242.7016,11.33,287.57
2023-08-03,86.0,70.907182,43.366516,11.229409,244.0454,8.07,281.45
2023-08-04,82.0,64.859824,43.138184,10.980069,245.32,4.25,276.44
2023-08-07,84.0,67.923529,42.92616,11.135393,246.759,-2.43,281.65
2023-08-08,84.0,68.624661,42.897606,11.41698,248.2172,-1.63,282.89
2023-08-09,85.0,69.571976,43.130923,11.656228,249.6718,1.09,284.53
2023-08-10,84.0,68.606224,42.776725,11.785937,251.1502,2.67,283.82
2023-08-11,84.0,69.505132,42.447828,11.814596,252.7396,1.27,285.22
2023-08-14,83.0,68.479492,41.840208,11.744652,254.249,0.58,284.54
2023-08-15,79.0,58.651697,40.375889,11.626611,255.2638,-2.52,277.37
2023-08-16,76.0,55.245839,38.439272,11.390177,256.3046,-3.28,274.51
2023-08-17,76.0,55.882519,36.640985,11.027558,257.2744,-3.52,275.17
2023-08-18,74.0,54.160146,34.28772,10.352692,258.0394,-3.77,273.8
2023-08-21,73.0,52.816537,31.988604,9.730604,258.8054,-1.67,272.75
2023-08-22,70.0,49.598447,29.85371,9.311443,259.5088,-1.57,270.2
2023-08-23,72.0,53.019626,27.97949,8.412459,260.2114,-0.78,273.03
2023-08-24,70.0,48.360254,26.039885,7.488994,260.6886,-1.64,269.3
2023-08-25,72.0,52.305316,24.319605,6.516111,261.2734,-0.07,272.56
2023-08-28,74.0,54.84649,23.17738,5.872246,261.8158,1.7,274.79
2023-08-29,77.0,60.211086,22.715235,5.410525,262.511,2.56,280.03
2023-08-30,78.0,62.326811,22.903207,5.060215,263.3346,4.84,282.33
2023-08-31,77.0,60.5187,23.234843,5.049203,264.1276,3.14,281.13
2023-09-01,80.0,65.162468,23.889038,5.359903,265.1058,4.17,286.25
2023-09-05,76.0,58.478533,24.831745,5.359279,266.0496,0.57,281.63
2023-09-06,77.0,59.702204,25.025975,5.359708,266.9686,0.2,282.9
2023-09-07,76.0,57.586714,24.818181,5.220103,267.7834,0.11,281.43
2023-09-08,76.0,58.502362,24.625229,5.146562,268.5916,-1.39,282.28
2023-09-11,76.0,58.136625,24.747201,4.969408,269.3478,0.15,282.05
2023-09-12,76.0,57.731046,24.818184,4.820477,270.063,-0.39,281.81
2023-09-13,72.0,48.74368,23.080052,4.836764,270.6348,-1.96,275.92
2023-09-14,76.0,56.891227,21.49985,4.889753,271.3894,0.1,282.56
2023-09-15,74.0,52.293941,20.020193,4.847428,272.1608,-1.03,279.15
2023-09-18,75.0,54.378026,18.762098,4.765465,272.876,-0.31,280.94
2023-09-19,74.0,52.621561,17.575075,4.57166,273.4932,1.36,279.67
2023-09-20,73.0,51.136866,16.969319,4.106159,274.0084,-1.4,278.61
2023-09-21,62.0,43.022205,16.654504,4.188901,274.377,-2.55,272.03
2023-09-22,63.0,44.506683,16.362176,3.799036,274.721,-2.8,273.06
2023-09-25,64.0,46.277437,16.414721,3.657207,275.094,-1.93,274.27
2023-09-26,61.0,40.776694,16.654762,4.153478,275.3352,-3.26,269.52
2023-09-27,63.0,45.464931,16.623454,4.395412,275.5132,0.25,272.71
2023-09-28,72.0,50.166148,15.456769,4.365888,275.783,1.16,276.24
2023-09-29,62.0,46.227146,14.658325,4.497943,276.0212,-0.46,273.0
2023-10-02,61.0,44.732806,13.614878,4.325571,276.3026,0.82,271.72
2023-10-03,59.0,41.619922,13.319487,4.603263,276.4946,-1.37,268.97
2023-10-04,55.0,37.584459,14.035366,5.070659,276.554,-4.06,265.03
2023-10-05,52.0,33.795816,15.112372,5.901305,276.6036,-4.47,260.8
2023-10-06,56.0,41.643486,15.385512,5.963038,276.7584,-2.09,266.04
2023-10-09,59.0,48.272049,14.802851,5.710838,276.9758,0.87,271.3
2023-10-10,60.0,50.472001,14.025204,5.396686,277.1366,3.09,273.21
2023-10-11,60.0,50.016245,13.17634,5.361796,276.8202,4.61,272.83
2023-10-12,58.0,46.208546,13.140715,4.943887,276.461,1.34,269.61
2023-10-13,57.0,44.323879,13.072572,4.783733,276.1908,-1.24,267.94
2023-10-16,56.0,48.206303,13.001248,4.310069,276.0778,-0.89,270.79
2023-10-17,60.0,50.626125,12.501,3.884477,275.8978,-0.07,272.65
2023-10-18,52.0,37.135239,13.817361,4.268963,275.4244,-3.85,259.22
2023-10-19,48.0,32.710697,15.872587,5.641783,274.7916,-5.62,252.89
2023-10-20,45.0,30.434278,18.132103,7.028444,274.0992,-7.97,249.2
2023-10-23,43.0,29.314925,20.377832,8.168424,273.3412,-9.29,247.32
2023-10-24,45.0,32.48686,22.432103,8.929396,272.6414,-3.73,249.55
2023-10-25,42.0,29.536121,24.60327,9.822641,271.9928,-3.14,244.94
2023-10-26,41.0,28.042644,26.970188,10.485622,271.3512,-2.72,242.43
2023-10-27,38.0,25.870578,29.365284,11.40308,270.619,-3.54,238.56
2023-10-30,41.0,31.208433,31.589302,11.79441,269.9862,-2.96,242.16
2023-10-31,33.0,23.168512,34.541071,13.60093,269.0522,-7.71,226.05
2023-11-01,38.0,30.123959,36.735354,14.529295,268.2848,-4.37,231.83
2023-11-02,43.0,37.775229,37.173124,14.895045,267.6066,0.23,239.12
2023-11-03,43.0,39.373724,36.670609,14.925131,267.0356,-0.58,240.75
2023-11-06,42.0,37.789511,36.384574,14.646199,266.35,5.41,238.28
2023-11-07,40.0,35.686062,36.39011,14.173784,265.5526,1.33,234.92
2023-11-08,39.0,35.622511,36.259305,13.455207,264.6484,-1.8,234.82
2023-11-09,39.0,35.170588,35.817936,12.763417,263.6848,-2.74,234.15
2023-11-10,43.0,41.740351,35.217617,11.76834,262.8558,0.59,239.68
2023-11-13,44.0,43.941905,33.98456,10.105229,261.9642,2.87,241.67
2023-11-14,48.0,50.240697,31.690831,7.604453,261.2888,5.55,247.86
2023-11-15,50.0,53.195977,29.82956,6.839624,260.6526,7.23,251.09
2023-11-16,48.0,50.325919,27.762889,6.513556,259.9882,3.56,248.21
2023-11-17,50.0,54.761482,26.0657,6.801551,259.404,4.72,253.07
2023-11-20,48.0,52.062541,24.247188,6.971622,258.772,1.04,250.45
2023-11-21,47.0,50.988289,22.535468,6.963581,258.124,-0.67,249.41
2023-11-22,45.0,47.535063,22.044452,6.994059,257.5258,-0.89,246.01
2023-11-24,45.0,49.011674,21.329238,7.107533,256.8218,-2.26,247.36
2023-11-27,46.0,49.045996,20.728016,7.168257,256.1866,-1.22,247.39
2023-11-28,46.0,49.181066,20.023695,7.260135,255.5178,-0.77,247.5
2023-11-29,48.0,51.628947,18.774245,6.345874,254.9134,1.4,249.45
2023-11-30,49.0,53.209748,17.710458,5.906757,254.3556,1.36,250.72
2023-12-01,60.0,59.918626,17.344997,6.325468,254.0502,3.79,256.76
2023-12-04,58.0,56.990176,17.005641,6.534757,253.684,2.93,254.75
2023-12-05,59.0,57.480079,16.997504,6.552168,253.3024,2.3,255.19
2023-12-06,59.0,58.385017,17.629795,6.204955,253.0314,2.09,255.97
2023-12-07,61.0,60.07441,18.216922,5.72686,252.7254,0.25,257.41
2023-12-08,63.0,62.456631,19.127735,5.015682,252.3906,1.86,259.5
2023-12-11,64.0,64.027117,20.068924,4.864446,252.149,2.25,260.92
2023-12-12,65.0,64.599874,20.819758,4.766269,251.9432,2.13,261.43
2023-12-13,68.0,70.980678,22.384105,5.705314,251.9232,4.1,267.97
2023-12-14,76.0,80.788431,25.314335,8.911263,252.326,9.89,285.17
2023-12-15,77.0,81.017396,28.114778,10.952663,252.8248,9.51,285.74
2023-12-18,77.0,80.962742,30.830909,12.545287,253.2182,9.29,285.71
2023-12-19,81.0,83.807577,33.573956,14.421462,253.6514,9.33,292.96
2023-12-20,78.0,78.168421,36.363877,15.458175,253.9814,1.59,289.71
2023-12-21,79.0,78.342264,38.187753,16.025995,254.3262,1.52,290.07
2023-12-22,80.0,78.490849,40.006401,16.384346,254.7412,1.63,290.36
2023-12-26,82.0,81.036879,41.932001,16.830225,255.295,0.91,295.63
2023-12-27,83.0,82.114149,43.82707,17.113348,255.8416,2.9,298.12
