date,FGIndex,rsi,adx,standard_deviation,sma50,five_day_percentage,price,macd,macd_signal,macd_hist,action,q_values
2024-11-04,63.0,47.121141,9.828406,1.09825,61.9654,-3.62,62.35,0.0,0.0,0.0,,
2024-11-05,66.0,52.321258,10.068265,1.094087,62.003,-1.29,63.67,0.1052991452991563,0.0210598290598312,0.084239316239325,,
2024-11-06,77.0,66.659101,11.933004,1.599745,62.15,7.57,69.03,0.614176832980263,0.1396832298439176,0.4744936031363454,,
2024-11-07,74.0,63.148896,13.297648,1.836326,62.2806,6.91,68.11,0.9324806984514424,0.2982427235654226,0.6342379748860199,,
2024-11-08,75.0,64.293414,14.631851,2.055939,62.4156,10.07,68.63,1.212718989650213,0.4811379767823807,0.7315810128678324,,
2024-11-11,77.0,66.792466,16.26012,2.357426,62.5588,9.63,69.8,1.5117920783142154,0.6872687970887477,0.8245232812254677,,
2024-11-12,74.0,63.596842,17.517589,2.512221,62.71,-0.01,69.02,1.666657978796664,0.883146633430331,0.783511345366333,,
2024-11-13,74.0,63.055361,18.636944,2.659887,62.8686,1.15,68.89,1.7586280378208556,1.058242914308436,0.7003851235124197,,
2024-11-14,71.0,59.927505,18.645854,2.730875,63.019,-0.7,68.15,1.751611667679441,1.196916664982637,0.554695002696804,,
2024-11-15,72.0,61.617709,18.654127,2.774699,63.2124,-1.49,68.76,1.7748140937204653,1.3124961507302029,0.4623179429902624,SELL,"[5.516006946563721, 5.0919342041015625, 7.367959022521973]"
2024-11-18,73.0,62.291612,18.830821,2.734517,63.4016,-0.03,69.0,1.791912130148944,1.4083793466139511,0.3835327835349928,SELL,"[4.954157829284668, 4.845866680145264, 6.770124912261963]"
2024-11-19,71.0,60.388546,18.461701,2.739212,63.6146,-0.42,68.6,1.7529785446709951,1.4772991862253602,0.2756793584456349,SELL,"[4.818484783172607, 4.6605000495910645, 6.376904010772705]"
2024-11-20,71.0,58.839837,18.464905,2.682412,63.8342,0.19,68.28,1.6769709942860231,1.5172335478374928,0.1597374464485303,SELL,"[4.549867153167725, 4.443863868713379, 5.873167037963867]"
2024-11-21,72.0,61.089867,18.467881,2.616414,64.0666,0.28,68.95,1.6517574320837127,1.5441383246867368,0.1076191073969758,SELL,"[4.679389953613281, 4.591763973236084, 6.148366451263428]"
2024-11-22,74.0,63.911982,18.897622,2.438425,64.31,1.22,69.84,1.6841769211607271,1.572146043981535,0.1120308771791922,SELL,"[5.349862575531006, 5.283471584320068, 7.163936614990234]"
2024-11-25,76.0,66.580941,19.818607,2.461925,64.5572,3.13,70.75,1.7629764989713692,1.6103121349795018,0.1526643639918674,SELL,"[5.9473090171813965, 5.862733840942383, 7.994592189788818]"
2024-11-26,73.0,61.222563,20.027793,2.425534,64.7664,2.15,69.75,1.7248510798888643,1.6332199239613745,0.09163115592749,SELL,"[5.21499490737915, 5.167900085449219, 6.895577907562256]"
2024-11-27,74.0,62.55322,20.222038,2.365341,64.9716,1.75,70.16,1.7080308674465812,1.648182112658416,0.0598487547881652,SELL,"[4.942169189453125, 4.886075973510742, 6.495381832122803]"
2024-11-29,75.0,64.805495,20.803818,2.274587,65.1286,1.47,70.87,1.7320260757331454,1.664950905273362,0.0670751704597834,SELL,"[4.993376731872559, 5.053947448730469, 6.747568130493164]"
2024-12-02,76.0,66.399472,21.649915,2.106656,65.3136,0.9,71.39,1.7725690329293684,1.6864745308045634,0.0860945021248049,SELL,"[5.190716743469238, 5.228888988494873, 7.143182754516602]"
2024-12-03,77.0,66.493755,22.997321,1.608146,65.4904,2.39,71.42,1.7865264035767725,1.7064849053590054,0.0800414982177668,SELL,"[4.839601993560791, 4.981097221374512, 6.398571491241455]"
2024-12-04,78.0,66.761605,23.469043,1.0976,65.693,1.91,71.5,1.7834841566073436,1.7218847556086732,0.0615994009986704,SELL,"[4.361351490020752, 4.523406028747559, 5.433861255645752]"
2024-12-05,79.0,69.182484,24.456768,1.235445,65.93,1.92,72.23,1.819009642239763,1.7413097329348912,0.0776999093048718,SELL,"[4.561618804931641, 4.789320945739746, 5.997040271759033]"
2024-12-06,78.0,68.592881,25.373942,1.287331,66.1388,1.06,72.15,1.8197317789347949,1.756994142134872,0.0627376367999228,SELL,"[4.046665191650391, 4.405986785888672, 5.457651138305664]"
2024-12-09,77.0,66.38424,26.323898,1.319209,66.3386,0.62,71.86,1.7764259683233805,1.760880507372574,0.0155454609508063,SELL,"[3.742553472518921, 4.0702595710754395, 4.800999164581299]"
2024-12-10,79.0,68.773872,27.486986,1.419187,66.5366,1.4,72.5,1.7733068749004983,1.763365780878159,0.0099410940223394,SELL,"[3.9399054050445557, 4.281806468963623, 5.033664226531982]"
2024-12-11,77.0,64.601081,28.204296,1.441081,66.7396,-0.37,71.96,1.7075775923053556,1.7522081431635983,-0.0446305508582429,SELL,"[3.4100849628448486, 3.719799041748047, 4.24519157409668]"
2024-12-12,76.0,60.707811,28.870368,1.41852,66.9276,-1.0,71.43,1.5943415151461409,1.7206348175601072,-0.1262933024139663,BUY,"[2.79469633102417, 3.0739874839782715, 3.0248782634735107]"
2024-12-13,74.0,57.738223,28.70605,1.317219,67.1216,-1.18,71.01,1.453950383296089,1.6672979307073037,-0.2133475474112145,BUY,"[2.4618284702301025, 2.739993095397949, 2.1778087615966797]"
2024-12-16,75.0,60.138086,28.553468,1.257442,67.2986,-1.39,71.49,1.3656786944301302,1.6069740834518689,-0.2412953890217386,BUY,"[2.8450090885162354, 3.067352771759033, 2.9610581398010254]"
2024-12-17,75.0,57.430833,28.373386,1.192544,67.469,-1.17,71.12,1.2514410043564652,1.535867467632788,-0.2844264632763229,BUY,"[2.5018420219421387, 2.8718228340148926, 2.3698229789733887]"
2024-12-18,66.0,41.22573,27.234117,1.241664,67.5666,-4.63,68.12,0.9083608653602084,1.4103661471782722,-0.5020052818180638,BUY,"[1.396303415298462, 2.0053598880767822, -0.8687962293624878]"
2024-12-19,66.0,42.959049,26.176225,1.227532,67.6526,-3.65,68.42,0.6531458178234288,1.2589220813073034,-0.6057762634838746,BUY,"[1.4912395477294922, 2.074744701385498, -0.5417763590812683]"
2024-12-20,68.0,47.258357,24.799818,1.209986,67.7668,-3.22,69.19,0.5071722527410714,1.108572115594057,-0.6013998628529857,BUY,"[1.6402816772460938, 2.3342697620391846, 0.6657419204711914]"
2024-12-23,69.0,50.297246,23.521725,1.213023,67.8474,-1.9,69.77,0.4332935649672436,0.9735164054686944,-0.5402228405014509,BUY,"[2.3264081478118896, 2.7870066165924072, 2.282447576522827]"
2024-12-24,73.0,56.077061,22.514379,1.21317,67.9472,4.23,71.0,0.4685932418969543,0.8725317727543465,-0.4039385308573922,SELL,"[3.9577958583831787, 4.144837856292725, 4.928432464599609]"
2024-12-26,74.0,57.588412,21.780513,1.189395,68.1214,4.28,71.35,0.5188298179313762,0.8017913817897524,-0.2829615638583762,SELL,"[4.521373271942139, 4.6005778312683105, 5.470794677734375]"
2024-12-27,73.0,55.530666,21.147217,1.175614,68.2564,2.62,71.0,0.5243561402611334,0.7463043334840287,-0.2219481932228952,SELL,"[3.7074222564697266, 4.059820652008057, 4.570430755615234]"
2024-12-30,71.0,52.040512,19.803335,1.182677,68.3848,0.89,70.39,0.4740493427672163,0.6918533353406663,-0.2178039925734499,BUY,"[2.376755475997925, 3.0067460536956787, 2.307384967803955]"
2024-12-31,70.0,52.040512,18.675382,1.184789,68.5356,-0.86,70.39,0.4292329134740669,0.6393292509673464,-0.2100963374932795,BUY,"[2.71182918548584, 3.062843084335327, 2.6793293952941895]"
2025-01-02,68.0,49.38494,17.54874,1.197092,68.6978,-1.98,69.94,0.3533313473500925,0.5821296702438956,-0.228798322893803,BUY,"[2.525470018386841, 2.8925883769989014, 2.568791389465332]"
2025-01-03,70.0,55.186015,16.502572,1.188257,68.8466,0.0,71.0,0.3743961448615209,0.5405829651674207,-0.1661868203058997,SELL,"[3.9142231941223145, 3.85585618019104, 5.282235622406006]"
2025-01-06,74.0,62.736004,17.387658,1.223284,69.0394,3.34,72.74,0.5254366996654909,0.5375537120670347,-0.0121170124015438,SELL,"[5.919731140136719, 5.681772708892822, 7.976199626922607]"
2025-01-07,76.0,66.062421,18.378544,1.34455,69.253,4.67,73.68,0.7127711890456396,0.5725972074627558,0.1401739815828838,SELL,"[6.630049228668213, 6.397750377655029, 9.032410621643066]"
2025-01-08,75.0,63.341706,19.242983,1.425762,69.483,4.75,73.26,0.8179162027874014,0.621661006527685,0.1962551962597164,SELL,"[5.77665376663208, 5.637850284576416, 7.844837188720703]"
2025-01-10,70.0,52.942884,18.405499,1.387066,69.6278,0.56,71.4,0.7425977240632733,0.6458483500348027,0.0967493740284706,SELL,"[3.024599552154541, 3.3062744140625, 3.396073818206787]"
2025-01-13,73.0,58.364749,18.00928,1.427691,69.7894,0.04,72.77,0.7844126170963506,0.6735612034471122,0.1108514136492383,SELL,"[4.007361888885498, 4.054995059967041, 5.236194133758545]"
2025-01-14,73.0,60.946811,18.278363,1.528506,69.9694,-0.24,73.5,0.8664680162864187,0.7121425660149735,0.1543254502714451,SELL,"[4.79282283782959, 4.749935150146484, 6.787097454071045]"
2025-01-15,78.0,72.811777,20.591714,2.188904,70.2514,6.84,78.27,1.301394975580223,0.8299930479280235,0.4714019276521994,SELL,"[8.71602725982666, 8.58713150024414, 13.536055564880371]"
2025-01-16,79.0,73.252106,22.739826,2.677166,70.5474,9.96,78.51,1.6464643029405297,0.9932872989305248,0.6531770040100047,SELL,"[9.409689903259277, 9.142173767089844, 14.000368118286133]"
2025-01-17,81.0,75.849615,25.160779,3.210793,70.9002,9.92,79.99,2.0161173166508632,1.1978533024745923,0.8182640141762707,SELL,"[9.25217342376709, 9.104100227355957, 14.088281631469727]"
2025-01-21,84.0,78.412357,27.710535,3.668128,71.2602,11.12,81.67,2.4167728992825914,1.4416372218361924,0.9751356774463992,SELL,"[9.014674186706543, 9.02370834350586, 13.73950481414795]"
2025-01-22,83.0,78.441695,30.165434,3.982298,71.5134,4.37,81.69,2.704730715882576,1.6942559206454693,1.0104747952371067,SELL,"[7.785292625427246, 8.072406768798828, 12.540728569030762]"
2025-01-23,83.0,78.889569,32.54491,4.244984,71.7908,4.42,81.98,2.9226494529237783,1.939934627101131,0.9827148258226472,SELL,"[7.587929725646973, 7.463545799255371, 12.311684608459473]"
2025-01-24,82.0,75.959559,34.334565,4.396383,72.0478,1.86,81.48,3.0201909198030847,2.155985885641522,0.8642050341615626,SELL,"[6.199182510375977, 6.261893272399902, 10.25717830657959]"
2025-01-27,81.0,73.775922,35.026514,4.510095,72.274,-0.69,81.11,3.032678497331858,2.3313244079795896,0.7013540893522685,SELL,"[5.9143877029418945, 5.844785690307617, 9.755391120910645]"
2025-01-28,78.0,67.197519,35.074819,4.521912,72.4924,-2.14,79.94,2.914568439870564,2.4479732143577846,0.4665952255127794,SELL,"[4.447475910186768, 4.518862724304199, 6.837550163269043]"
2025-01-29,80.0,68.955593,35.19561,4.504709,72.7272,-1.65,80.63,2.843860349952209,2.52715064147667,0.316709708475539,SELL,"[4.6008453369140625, 4.706911087036133, 6.730177879333496]"
2025-01-30,82.0,71.85175,35.683798,4.456229,73.0014,0.47,81.86,2.8541732669682887,2.5925551665749937,0.2616181003932949,SELL,"[5.53524112701416, 5.770741939544678, 8.620819091796875]"
2025-01-31,80.0,69.413756,36.137115,4.310591,73.2548,0.39,81.43,2.7954250023288267,2.6331291337257605,0.1622958686030662,SELL,"[5.239270210266113, 5.416614532470703, 8.020008087158203]"
2025-02-03,76.0,60.116102,33.681933,3.983046,73.467,-0.41,79.61,2.572355279294172,2.620974362839443,-0.0486190835452711,SELL,"[3.698532819747925, 3.560243606567383, 4.49895715713501]"
2025-02-04,72.0,55.174599,31.567268,3.662847,73.6646,-2.67,78.48,2.2781285130499924,2.5524051928815528,-0.2742766798315603,BUY,"[2.6947526931762695, 2.8911550045013428, 2.8656675815582275]"
2025-02-05,74.0,58.37056,29.518978,3.448529,73.8882,-2.93,79.46,2.099824026527628,2.461888959610768,-0.3620649330831398,SELL,"[3.336902618408203, 3.553575038909912, 4.429971218109131]"
2025-02-06,79.0,66.012975,28.946597,3.353503,74.1558,1.11,82.33,2.165143029662218,2.402539773621058,-0.2373967439588398,SELL,"[5.619233131408691, 5.717850208282471, 8.858839988708496]"
2025-02-07,78.0,63.350934,28.574093,3.133088,74.3934,2.65,81.72,2.1429839235179458,2.350628603600436,-0.20764468008249,SELL,"[5.8330817222595215, 5.7989935874938965, 8.614645957946777]"
2025-02-10,76.0,59.179836,27.45892,2.548528,74.593,2.87,80.73,2.0222269722821977,2.284948277336788,-0.2627213050545904,SELL,"[4.710469722747803, 4.625360488891602, 6.269249439239502]"
2025-02-11,78.0,60.261377,26.423403,1.971673,74.8202,2.08,81.11,1.934884893994564,2.214935600668343,-0.2800507066737792,SELL,"[3.769054412841797, 4.053936958312988, 4.7582478523254395]"
2025-02-12,79.0,60.733129,25.330396,1.221079,75.0424,-1.29,81.27,1.8571680532393628,2.143382091182547,-0.2862140379431843,SELL,"[3.3668198585510254, 3.8282155990600586, 4.100255489349365]"
2025-02-13,81.0,63.175345,24.731786,1.127428,75.267,0.47,82.1,1.841325308451232,2.082970734636284,-0.2416454261850522,SELL,"[4.012354850769043, 4.4117584228515625, 5.147162437438965]"
2025-02-14,84.0,69.377937,25.219825,1.268117,75.5314,4.81,84.61,2.0081570575949854,2.0680079992280245,-0.059850941633039,SELL,"[6.455265998840332, 6.330998420715332, 8.8567533493042]"
2025-02-18,83.0,69.422132,25.698402,1.444955,75.7956,4.34,84.63,2.11757615384613,2.077921630151645,0.0396545236944847,SELL,"[7.046915054321289, 6.832175254821777, 9.746981620788574]"
2025-02-19,81.0,65.888962,26.068073,1.547826,76.0444,3.29,83.94,2.1241287089847987,2.087163045918276,0.0369656630665224,SELL,"[5.41842794418335, 5.469509124755859, 7.677167892456055]"
2025-02-20,74.0,54.610465,24.761281,1.547619,76.2266,-0.93,81.34,1.8976484748742597,2.049260131709473,-0.1516116568352137,BUY,"[2.406939744949341, 3.094014883041382, 2.1469526290893555]"
2025-02-21,70.0,48.767093,23.141839,1.593224,76.3766,-5.86,79.65,1.563766257552615,1.9521613568781016,-0.3883950993254865,BUY,"[1.6344763040542603, 2.5000274181365967, -0.17192131280899048]"
2025-02-24,68.0,45.335858,22.745811,1.707933,76.5102,-7.2,78.54,1.1958099191091378,1.8008910693243088,-0.605081150215171,BUY,"[1.3631964921951294, 2.2576022148132324, -1.0245133638381958]"
2025-02-25,66.0,44.130857,22.609699,1.835765,76.623,-6.91,78.14,0.86198874318778,1.6131106040970031,-0.7511218609092232,BUY,"[1.4947625398635864, 2.2418718338012695, -1.2213977575302124]"
2025-02-26,69.0,47.616988,22.182351,1.872116,76.7652,-2.79,79.07,0.6648127364894378,1.4234510305754902,-0.7586382940860523,BUY,"[2.4385037422180176, 2.8469245433807373, 1.272634744644165]"
2025-02-27,68.0,46.938673,21.620429,1.929455,76.914,-0.98,78.87,0.4867994806831603,1.2361207205970242,-0.7493212399138638,BUY,"[2.468139886856079, 2.7642223834991455, 1.3783655166625977]"
2025-02-28,71.0,50.998093,21.552192,1.929046,77.0928,1.8,79.95,0.4279366793456631,1.074483912346752,-0.6465472330010889,SELL,"[3.158766508102417, 3.3777785301208496, 3.7883448600769043]"
2025-03-03,56.0,42.075001,22.019711,2.08224,77.2064,-1.24,77.17,0.1551759469092246,0.8906223192592465,-0.7354463723500219,BUY,"[1.717910647392273, 2.412212610244751, -0.09794055670499802]"
2025-03-04,45.0,31.714037,23.965021,2.753945,77.231,-8.5,72.35,-0.4447952929986485,0.6235387968076676,-1.068334089806316,BUY,"[1.6030192375183105, 2.391655683517456, -1.6859973669052124]"
2025-03-05,47.0,33.931409,25.77138,3.165642,77.3278,-7.49,72.96,-0.8611283693595198,0.3266053635742301,-1.1877337329337498,BUY,"[1.762862205505371, 2.489895820617676, -0.7203618288040161]"
2025-03-06,42.0,29.857658,27.780615,3.774087,77.371,-11.72,70.58,-1.3673593736951375,-0.0121875838796434,-1.355171789815494,BUY,"[1.9737011194229126, 2.454425096511841, -1.0658233165740967]"
2025-03-07,43.0,29.664277,29.991304,4.200004,77.3964,-8.7,70.46,-1.7579693130043097,-0.3613439297045767,-1.396625383299733,BUY,"[2.2737245559692383, 2.5426881313323975, -0.7413060069084167]"
2025-03-10,38.0,25.197271,32.349753,4.839073,77.3492,-6.83,67.41,-2.287273746218005,-0.7465298930072625,-1.540743853210743,BUY,"[2.318058967590332, 2.8704495429992676, 0.18541783094406128]"
2025-03-11,40.0,25.553521,34.53974,5.333077,77.2792,-7.48,67.5,-2.6687256668701167,-1.130969047779833,-1.5377566190902834,BUY,"[2.3797712326049805, 2.5288283824920654, -0.9040204882621765]"
2025-03-12,41.0,27.414919,36.145948,5.659137,77.2112,-3.73,67.95,-2.9012737452514443,-1.4850299872741557,-1.4162437579772886,BUY,"[2.6401515007019043, 2.834829330444336, 0.9877252578735352]"
2025-03-13,41.0,26.282603,37.663739,5.940373,77.1358,-4.58,67.23,-3.1078424819291115,-1.809592486205147,-1.2982499957239646,BUY,"[2.648797035217285, 2.749302864074707, -0.16599763929843903]"
2025-03-14,45.0,32.724609,39.073116,5.990556,77.1036,2.03,68.78,-3.1106203527514538,-2.0697980595144085,-1.0408222932370452,HOLD,"[2.9900662899017334, 2.9408576488494873, 1.5239839553833008]"
2025-03-17,48.0,37.151102,39.391679,5.729546,77.0946,3.61,69.94,-2.98481246974616,-2.252800941560759,-0.7320115281854012,BUY,"[2.906473398208618, 2.9745569229125977, 1.5060967206954956]"
2025-03-18,48.0,38.20797,39.595372,5.344071,77.1002,3.34,70.22,-2.829893900784782,-2.368219533405564,-0.4616743673792185,BUY,"[2.867248773574829, 3.001232147216797, 1.1768097877502441]"
2025-03-19,51.0,42.727135,38.649291,4.866631,77.109,6.26,71.44,-2.5789475131280284,-2.4103651293500565,-0.1685823837779718,BUY,"[3.181802988052368, 3.2605249881744385, 2.4325356483459473]"
2025-03-20,50.0,44.098522,37.284431,4.528128,77.0906,4.42,71.82,-2.3226339898855173,-2.392818901457149,0.0701849115716317,BUY,"[2.8307783603668213, 3.308241844177246, 1.6958602666854858]"
2025-03-21,50.0,44.698953,36.01706,4.266019,77.0566,2.92,71.98,-2.0825862552666337,-2.330772372219046,0.2481861169524122,BUY,"[2.6960270404815674, 3.212341070175171, 1.4757403135299683]"
2025-03-24,53.0,51.867204,33.636789,4.061513,77.0722,5.44,74.04,-1.7064510072858354,-2.205908099232404,0.4994570919465686,BUY,"[3.360208034515381, 3.5812950134277344, 3.380786657333374]"
2025-03-25,53.0,53.230007,31.272844,3.876405,77.1336,4.24,74.47,-1.3580094197534436,-2.036328363336612,0.6783189435831685,SELL,"[3.594456911087036, 3.736240863800049, 4.300581932067871]"
2025-03-26,50.0,48.959764,29.340759,3.555463,77.143,1.98,73.24,-1.167657641262238,-1.8625942189217373,0.6949365776594993,BUY,"[2.630148410797119, 2.9997174739837646, 1.9311617612838745]"
2025-03-27,46.0,44.604916,28.171632,3.178338,77.11,-0.18,71.85,-1.116098183569548,-1.7132950118512995,0.5971968282817517,BUY,"[2.1864678859710693, 2.7095022201538086, 0.29485100507736206]"
2025-03-28,43.0,40.375635,27.931413,2.536384,76.9512,-5.01,70.33,-1.1842370906927329,-1.6074834276195866,0.4232463369268537,BUY,"[1.9528520107269287, 2.3933939933776855, -1.0770165920257568]"
2025-03-31,45.0,42.906987,28.149215,2.118365,76.8008,-4.67,70.99,-1.171477122305561,-1.5202821665567816,0.3488050442512209,BUY,"[2.0672831535339355, 2.4105782508850098, -0.6944866180419922]"
2025-04-01,45.0,41.609874,28.351459,2.087672,76.6118,-3.69,70.54,-1.184027265337761,-1.4530311863129777,0.2690039209752166,BUY,"[1.966868281364441, 2.406209945678711, -0.5972114205360413]"
2025-04-02,48.0,46.345605,27.838572,2.038125,76.4136,-0.13,71.76,-1.0830448729517457,-1.3790339236407314,0.2959890506889857,BUY,"[2.0312998294830322, 2.472839593887329, 0.1322580873966217]"
2025-04-03,31.0,28.545354,29.240093,2.623406,76.0408,-10.35,63.05,-1.6864000370601104,-1.4405071463246073,-0.2458928907355031,BUY,"[1.847103476524353, 2.548297166824341, -2.8047916889190674]"
2025-04-04,25.0,23.139109,31.521144,3.720847,75.5638,-18.12,58.13,-2.532374595412122,-1.6588806361421105,-0.8734939592700117,BUY,"[2.1880388259887695, 2.6999716758728027, -4.3980021476745605]"
2025-04-07,28.0,25.366749,33.20906,4.385033,75.1112,-16.57,58.85,-3.10888030813338,-1.948880570540364,-1.1599997375930151,BUY,"[2.2291340827941895, 2.8337960243225098, -1.801987886428833]"
2025-04-08,27.0,25.279081,34.160799,4.933308,74.6644,-18.1,58.77,-3.531511504047373,-2.265406757241766,-1.2661047468056066,BUY,"[2.566577434539795, 2.8430449962615967, -4.568321704864502]"
2025-04-09,38.0,40.237446,33.767353,5.033354,74.3486,1.74,64.15,-3.39321387686833,-2.490968181167079,-0.902245695701251,HOLD,"[2.6031124591827393, 2.3673694133758545, -0.8557795286178589]"
2025-04-10,34.0,36.493732,33.402011,5.254183,73.9678,5.95,61.59,-3.4504084552680183,-2.682856235987267,-0.7675522192807511,HOLD,"[2.5626330375671387, 2.4135830402374268, -1.3318973779678345]"
2025-04-11,34.0,36.617771,33.062765,5.448221,73.5634,4.74,61.64,-3.451909524324549,-2.836666893654724,-0.6152426306698251,HOLD,"[2.5004637241363525, 2.335787773132324, -2.2671241760253906]"
2025-04-14,36.0,40.568066,31.877824,5.521244,73.1992,7.57,63.22,-3.2877076892625894,-2.926875052776297,-0.3608326364862924,BUY,"[2.8122522830963135, 3.064885377883911, 0.5598729252815247]"
2025-04-15,37.0,43.244288,30.094479,5.53093,72.8936,0.28,64.33,-3.033045765048655,-2.948109195230769,-0.0849365698178861,BUY,"[2.427633047103882, 3.1393465995788574, -1.1836390495300293]"
2025-04-16,33.0,39.405245,29.154856,5.556707,72.566,0.83,62.1,-2.9768514282422984,-2.953857641833075,-0.0229937864092235,BUY,"[2.7942256927490234, 3.075695037841797, -0.21438561379909515]"
2025-04-17,35.0,42.252367,28.282349,5.486338,72.2418,2.61,63.25,-2.8071624016476733,-2.9245185937959945,0.1173561921483212,BUY,"[2.7167069911956787, 2.9618732929229736, -0.6770883798599243]"
2025-04-21,34.0,41.236298,27.472164,5.387814,71.849,-0.84,62.69,-2.686897068541945,-2.876994288745185,0.1900972202032393,BUY,"[2.602067232131958, 2.712702512741089, -0.27401018142700195]"
2025-04-22,37.0,45.890621,25.981656,5.06246,71.5056,0.34,64.55,-2.413676114472878,-2.7843306538907235,0.3706545394178455,HOLD,"[2.613574504852295, 2.591918468475342, -0.3601393401622772]"
2025-04-23,41.0,49.910423,24.92436,4.631432,71.217,6.76,66.3,-2.0325066933136497,-2.633965861775309,0.601459168461659,BUY,"[3.434349536895752, 3.543905019760132, 2.880556583404541]"
2025-04-24,45.0,53.83593,23.804217,4.303932,70.958,7.76,68.16,-1.5623311446183692,-2.419638918343921,0.8573077737255517,SELL,"[4.789416790008545, 4.799609661102295, 5.193668365478516]"
2025-04-25,45.0,54.394658,22.880399,4.083207,70.7012,9.16,68.43,-1.1546171831663088,-2.1666345713083985,1.0120173881420895,SELL,"[5.186144828796387, 4.912322521209717, 6.085015773773193]"
2025-04-28,44.0,54.003617,22.243994,3.963087,70.4248,5.78,68.28,-0.8339909491720618,-1.9001058468811316,1.0661148977090695,SELL,"[4.050332546234131, 4.033761978149414, 4.525258541107178]"
2025-04-29,46.0,55.385265,21.653047,3.815281,70.1102,3.89,68.88,-0.5254206410663471,-1.6251688057181748,1.0997481646518277,SELL,"[4.5630292892456055, 4.5809221267700195, 6.424532413482666]"
2025-04-30,44.0,53.931419,20.549936,3.668649,69.7852,0.32,68.38,-0.3175616174385993,-1.3636473680622598,1.0460857506236605,SELL,"[3.905595541000366, 4.145384788513184, 5.431694030761719]"
2025-05-01,44.0,53.209417,19.618641,3.37493,69.4692,-0.42,68.14,-0.1702354693833712,-1.124964988326482,0.9547295189431108,SELL,"[3.7529971599578857, 3.914999008178711, 5.366946220397949]"
2025-05-02,57.0,59.212378,19.462995,3.642163,69.2542,3.38,70.59,0.1425726006813619,-0.8714574705249133,1.014030071206275,SELL,"[6.788624286651611, 6.573390483856201, 12.126497268676758]"
2025-05-05,56.0,58.066291,19.258605,3.534292,69.066,1.97,70.24,0.3581051615505259,-0.6255449441098255,0.9836501056603516,SELL,"[6.6557393074035645, 6.453118324279785, 11.824018478393555]"
2025-05-06,54.0,55.52026,19.031644,3.343996,68.8846,1.59,69.47,0.4614642316155226,-0.4081431089647559,0.8696073405802786,SELL,"[5.451506614685059, 5.229783535003662, 9.673674583435059]"
2025-05-07,56.0,57.550737,18.988907,3.087868,68.7268,3.1,70.25,0.5994069305939007,-0.2066331010530246,0.8060400316469254,SELL,"[5.540884494781494, 5.2676825523376465, 9.843860626220703]"
2025-05-08,59.0,60.970056,19.5332,3.261942,68.5782,1.49,71.64,0.8115340374220494,-0.0029996733580098,0.8145337107800592,SELL,"[6.587498664855957, 6.535404205322266, 11.990341186523438]"
2025-05-09,58.0,60.255576,20.045906,3.211219,68.4298,1.72,71.45,0.9533255423452828,0.1882653697826487,0.7650601725626341,SELL,"[6.114872932434082, 6.242776393890381, 11.119647979736328]"
2025-05-12,66.0,67.682636,21.581963,3.381062,68.329,7.83,74.91,1.329563040021938,0.4165249038305066,0.9130381361914316,SELL,"[8.410295486450195, 8.409534454345703, 14.219313621520996]"
2025-05-13,59.0,68.877364,23.168415,3.614664,68.297,7.57,75.57,1.6618338653808848,0.6655866961405823,0.9962471692403024,SELL,"[8.394166946411133, 9.034571647644043, 14.151384353637695]"
2025-05-14,58.0,67.733361,24.600662,3.785792,68.3558,5.09,75.29,1.8808855506008089,0.9086464670326276,0.972239083568181,SELL,"[7.533269882202148, 7.93481969833374, 12.37022590637207]"
2025-05-15,60.0,69.057751,25.577728,3.740675,68.4158,6.31,75.96,2.084519941578222,1.1438211619417469,0.9406987796364752,SELL,"[7.119865417480469, 7.276750564575195, 11.855975151062012]"
2025-05-16,59.0,67.981359,26.485003,3.665199,68.5186,1.08,75.72,2.2011620434371366,1.3552893382408246,0.845872705196312,SELL,"[6.25388240814209, 6.674565315246582, 11.248982429504395]"
2025-05-19,68.0,68.873926,27.474105,3.443815,68.632,0.74,76.13,2.300170390552367,1.5442655487031332,0.7559048418492338,SELL,"[6.107163429260254, 6.419070720672607, 10.902645111083984]"
2025-05-20,67.0,67.733241,28.392556,3.279083,68.8018,0.81,75.9,2.3331806865480478,1.702048576272116,0.6311321102759313,SELL,"[5.485042095184326, 5.76750373840332, 9.823402404785156]"
2025-05-21,61.0,56.808045,27.580705,3.077175,68.9202,-3.34,73.42,2.134619742538419,1.7885628095253767,0.3460569330130423,SELL,"[3.8508126735687256, 3.6457602977752686, 6.1480793952941895]"
2025-05-22,61.0,56.808045,26.642441,2.974437,69.0296,-3.04,73.42,1.9547259004506683,1.8217954277104356,0.1329304727402331,SELL,"[3.4859673976898193, 3.459549903869629, 5.83051872253418]"
2025-05-23,60.0,55.428326,24.97602,2.857781,69.1468,-3.99,73.09,1.765182566616076,1.8104728554915637,-0.0452902888754873,SELL,"[3.2920029163360596, 3.4201486110687256, 5.606540679931641]"
2025-05-27,65.0,62.50189,24.468916,2.775942,69.2806,-0.57,75.47,1.786421463849777,1.8056625771632064,-0.0192411133134293,SELL,"[5.341516017913818, 5.491527557373047, 9.652083396911621]"
2025-05-28,64.0,60.587533,24.085234,2.674992,69.3824,2.19,75.03,1.74760383104028,1.7940508279386211,-0.0464469968983412,SELL,"[5.518824100494385, 5.504159450531006, 9.608407020568848]"
2025-05-29,65.0,62.011449,23.654709,2.505613,69.4886,2.87,75.53,1.7371614824739794,1.7826729588456929,-0.0455114763717134,SELL,"[5.986330986022949, 5.738834857940674, 9.957406044006348]"
2025-05-30,65.0,61.014401,23.11324,2.231179,69.5662,3.05,75.32,1.6924313064465508,1.7646246283658646,-0.0721933219193138,SELL,"[5.1820173263549805, 5.136118412017822, 8.759893417358398]"
2025-06-02,66.0,62.498613,22.809704,2.153317,69.6458,0.44,75.8,1.6763899285737978,1.7469776884074515,-0.0705877598336537,SELL,"[5.130911350250244, 5.105148792266846, 8.80081844329834]"
2025-06-03,68.0,64.699711,22.952799,2.040415,69.7368,2.0,76.53,1.702951356980364,1.7381724221220345,-0.0352210651416702,SELL,"[5.6131134033203125, 5.636267185211182, 9.30417537689209]"
2025-06-04,68.0,63.979536,23.478718,1.760895,69.784,1.15,76.4,1.6939843694700585,1.7293348115916392,-0.0353504421215806,SELL,"[5.430603981018066, 5.328280448913574, 8.841879844665527]"
2025-06-05,70.0,64.854543,23.401083,1.496392,69.828,1.79,76.67,1.6891927482643183,1.7213063989261752,-0.0321136506618568,SELL,"[5.5478925704956055, 5.396809101104736, 8.536324501037598]"
2025-06-06,73.0,69.546146,23.870178,1.456486,69.9284,3.25,78.26,1.7930261761143529,1.7356503543638109,0.0573758217505417,SELL,"[5.965970993041992, 6.018558025360107, 9.2803316116333]"
2025-06-09,73.0,68.984796,24.526263,1.297515,70.0548,2.14,78.17,1.8467643184343103,1.757873147177911,0.0888911712563993,SELL,"[5.752115249633789, 5.8153486251831055, 8.727021217346191]"
2025-06-10,72.0,68.064446,24.63136,1.386162,70.2088,2.13,78.03,1.856653013204252,1.777629120383179,0.0790238928210724,SELL,"[5.357490539550781, 5.401800155639648, 8.287030220031738]"
2025-06-11,73.0,69.171766,25.01916,1.495311,70.3566,2.23,78.38,1.8711623551100016,1.7963357673285438,0.074826587781458,SELL,"[5.255539894104004, 5.3062872886657715, 7.903048515319824]"
2025-06-12,72.0,68.082243,24.926419,1.568292,70.5104,-0.04,78.23,1.8492404736389003,1.8069167085906157,0.0423237650482852,SELL,"[5.051741600036621, 5.040236949920654, 7.780574798583984]"
2025-06-13,68.0,56.198096,23.864196,1.569274,70.6024,-2.32,76.36,1.661817455692713,1.777896858011035,-0.116079402318322,SELL,"[3.0533578395843506, 3.25921368598938, 4.181460380554199]"
2025-06-16,71.0,62.623154,23.480308,1.623972,70.9028,0.05,78.07,1.6324482256130324,1.7488071315314346,-0.1163589059184022,SELL,"[4.539117336273193, 4.378633499145508, 6.638444423675537]"
2025-06-17,69.0,58.768588,23.123841,1.642938,71.2874,-1.3,77.36,1.534196569845605,1.7058850191942687,-0.1716884493486636,SELL,"[4.232874393463135, 4.154209136962891, 6.277551174163818]"
2025-06-18,71.0,62.257079,23.320236,1.700948,71.6774,0.15,78.35,1.5187094142461035,1.6684498982046356,-0.1497404839585321,SELL,"[5.040611743927002, 4.859069347381592, 7.864779949188232]"
2025-06-20,71.0,62.601298,23.656137,1.612093,72.071,2.74,78.45,1.497245581064206,1.63420903477655,-0.1369634537123438,SELL,"[4.965134143829346, 4.943917751312256, 7.556402206420898]"
2025-06-23,73.0,65.669515,23.248891,1.535764,72.3752,1.65,79.36,1.535959152433776,1.6145590583079952,-0.0785999058742192,SELL,"[5.707225799560547, 5.495481014251709, 8.596803665161133]"
2025-06-24,77.0,70.728248,23.874048,1.528079,72.7662,4.89,81.14,1.6907807920830606,1.6298034050630084,0.0609773870200522,SELL,"[6.579720973968506, 6.58300256729126, 9.942309379577637]"
2025-06-25,78.0,74.160624,24.960009,1.851292,73.186,5.46,82.63,1.9116720391919413,1.686177131888795,0.2254949073031464,SELL,"[7.250945091247559, 7.3750433921813965, 11.2376708984375]"
2025-06-26,81.0,77.481372,26.64779,2.252537,73.609,7.55,84.37,2.2017529645428766,1.7892922984196116,0.412460666123265,SELL,"[8.376864433288574, 8.455428123474121, 12.91584300994873]"
2025-06-27,80.0,77.499271,28.215014,2.541142,74.01,6.33,84.38,2.4047308637261864,1.9123800114809264,0.4923508522452597,SELL,"[7.760885238647461, 7.894791126251221, 12.203149795532227]"
2025-06-30,81.0,78.839526,29.928828,2.791444,74.4704,4.91,85.12,2.5953861310210584,2.048981235388953,0.5464048956321053,SELL,"[7.4512104988098145, 7.581707954406738, 11.807286262512207]"
2025-07-01,82.0,80.757736,31.803908,3.088837,74.9308,4.41,86.27,2.8069207577504045,2.200569139861244,0.6063516178891608,SELL,"[7.368768692016602, 7.657109260559082, 11.975751876831055]"
2025-07-02,82.0,81.526177,33.66174,3.368116,75.4122,2.83,86.76,2.979753633304753,2.3564060385499457,0.6233475947548075,SELL,"[7.304907321929932, 7.63614559173584, 12.227511405944824]"
2025-07-03,85.0,84.237728,35.817715,3.73479,75.8956,5.14,88.72,3.237559975880899,2.5326368260161365,0.7049231498647623,SELL,"[8.22462272644043, 8.233839988708496, 13.772565841674805]"
2025-07-07,83.0,77.259302,37.826055,3.893511,76.3216,2.91,87.6,3.3133050023906065,2.6887704612910306,0.624534541099576,SELL,"[6.6937408447265625, 6.833278179168701, 11.074217796325684]"
2025-07-08,78.0,66.505288,38.191669,3.933832,76.6698,-0.81,85.57,3.1729536128766966,2.785607091608164,0.3873465212685327,SELL,"[4.633969306945801, 4.46422815322876, 6.521648406982422]"
2025-07-09,78.0,67.040722,38.531167,3.945775,77.017,-1.12,85.79,3.0443825400338653,2.837362181293304,0.2070203587405612,SELL,"[4.044958591461182, 3.9326083660125732, 5.48222017288208]"
2025-07-10,80.0,70.062735,39.000747,3.977955,77.393,-1.85,87.08,3.0118623827919464,2.872262221593033,0.1396001611989135,SELL,"[4.767704010009766, 4.896616458892822, 7.336680889129639]"
2025-07-11,80.0,68.234696,39.304015,3.961838,77.75,-0.99,86.73,2.924140181160311,2.8826378135064887,0.0415023676538224,SELL,"[4.929377555847168, 5.045502662658691, 7.496181964874268]"
2025-07-14,80.0,70.084017,39.801202,3.928502,78.1324,2.26,87.5,2.8835129271052296,2.882812836226237,0.0007000908789924,SELL,"[5.393965721130371, 5.282535076141357, 7.878098964691162]"
2025-07-15,86.0,76.298253,41.415204,3.891869,78.584,5.75,90.72,3.0756880080922144,2.9213878705994327,0.1543001374927817,SELL,"[6.928065776824951, 6.835958480834961, 10.687776565551758]"
2025-07-16,84.0,72.759883,42.91392,3.837409,78.9726,3.38,90.02,3.135361498801771,2.9641825962399007,0.1711789025618704,SELL,"[5.911584854125977, 6.048050880432129, 9.151544570922852]"
2025-07-17,88.0,77.654364,44.612136,3.865131,79.4296,7.33,93.09,3.3912839032174844,3.049602857635418,0.3416810455820664,SELL,"[6.839376926422119, 6.8817138671875, 10.473546028137207]"
2025-07-18,88.0,78.150149,46.295157,3.872937,79.9092,6.8,93.45,3.581863748235861,3.156055035755507,0.4258087124803542,SELL,"[6.775040149688721, 6.649099349975586, 10.185826301574707]"
2025-07-21,85.0,74.209796,47.907791,3.676859,80.3572,2.13,92.65,3.626541817714809,3.250152392147368,0.3763894255674413,SELL,"[5.905810832977295, 5.599460124969482, 8.561220169067383]"
2025-07-22,87.0,76.374576,49.477773,3.548499,80.8044,4.42,94.0,3.727910199013536,3.345703953520601,0.3822062454929344,SELL,"[5.5035552978515625, 5.240645885467529, 7.849207878112793]"
2025-07-23,89.0,79.152479,51.187474,3.654519,81.2952,3.12,95.99,3.9235930026064096,3.4612817633377637,0.4623112392686463,SELL,"[6.10988187789917, 5.982893466949463, 9.11429500579834]"
2025-07-24,87.0,76.241673,52.910547,3.701182,81.7048,2.08,95.39,3.9843291820298106,3.565891247076173,0.4184379349536375,SELL,"[6.01074743270874, 5.552807331085205, 8.892107009887695]"
2025-07-25,88.0,77.262253,53.662296,3.835847,82.1148,3.69,96.07,4.040754061270022,3.660863809914943,0.3798902513550786,SELL,"[5.336123466491699, 5.078171253204346, 7.467540740966797]"
2025-07-28,86.0,74.622454,54.362537,3.841776,82.52,1.65,95.55,3.997431626928062,3.728177373317567,0.2692542536104949,SELL,"[4.7088398933410645, 4.417511940002441, 6.123523712158203]"
2025-07-29,84.0,69.370239,54.309819,3.763315,82.8904,-1.57,94.48,3.832578647008546,3.749057628055763,0.083521018952783,SELL,"[3.7149810791015625, 3.7306785583496094, 4.729705333709717]"
2025-07-30,86.0,72.007584,54.260867,3.779757,83.2922,0.44,95.81,3.765841085567232,3.752414319558057,0.0134267660091746,SELL,"[4.07910680770874, 3.9335997104644775, 5.2465338706970215]"
2025-07-31,82.0,62.773128,53.206159,3.67814,83.6436,-2.47,93.7,3.5023191660839643,3.702395288863239,-0.2000761227792744,SELL,"[3.2593345642089844, 3.3909380435943604, 3.4060158729553223]"
2025-08-01,78.0,55.927649,50.076321,3.622839,83.9622,-3.89,91.83,3.106769865450815,3.5832702041807543,-0.4765003387299393,BUY,"[2.795701026916504, 3.0302231311798096, 2.055405855178833]"
2025-08-04,79.0,56.608915,46.77576,3.501922,84.3354,-2.54,92.08,2.781404802385524,3.4228971238217083,-0.6414923214361847,BUY,"[2.731269359588623, 2.902275323867798, 2.0275537967681885]"
2025-08-05,78.0,54.573911,44.486141,3.192742,84.6974,-4.48,91.52,2.450119869187517,3.2283416728948704,-0.7782218037073529,BUY,"[2.680419445037842, 3.046826124191284, 1.5507696866989136]"
2025-08-06,80.0,56.699269,42.360066,2.837827,85.0802,-1.57,92.23,2.219282729283819,3.0265298841726604,-0.8072471548888416,BUY,"[3.1390268802642822, 3.3621935844421387, 2.8788580894470215]"
2025-08-07,79.0,52.942163,40.041406,2.573775,85.3954,-0.65,91.23,1.9333643691964824,2.807896781177425,-0.8745324119809426,BUY,"[2.6171014308929443, 2.9710819721221924, 1.4746124744415283]"
