date,FGIndex,rsi,adx,standard_deviation,sma50,five_day_percentage,price,macd,macd_signal,macd_hist
2024-05-07,76.0,101.03922,63.206106,12.112427,142.384138,10.34,167.36,0.0,0.0,0.0
2024-05-08,72.0,92.626293,63.155308,12.528457,143.104667,6.61,164.0,-0.2680341880342212,-0.05360683760684424,-0.21442735042737696
2024-05-09,73.0,93.070145,63.157352,12.870605,143.856129,0.08,166.4,-0.2835249713882604,-0.09959046436312746,-0.18393450702513292
2024-05-10,74.0,93.229249,63.221044,12.933235,144.587813,-1.11,167.27,-0.2230288618065117,-0.12427814385180433,-0.09875071795470738
2024-05-13,67.0,80.15374,62.506579,12.333853,145.101212,-3.48,161.53,-0.6309817233956778,-0.22561885976057905,-0.40536286363509877
2024-05-14,72.0,82.086362,61.669174,11.512338,145.705,0.99,165.63,-0.6163467092744099,-0.3037644296633452,-0.3125822796110647
2024-05-15,73.0,83.057106,61.137128,10.957232,146.338286,0.88,167.87,-0.41916717730731534,-0.3268449791921393,-0.09232219811517606
2024-05-16,71.0,79.993523,60.556476,10.294949,146.895556,-0.52,166.4,-0.377169912349558,-0.33690996582362304,-0.04025994652593495
2024-05-17,67.0,72.579933,59.253916,8.982891,147.320541,0.67,162.62,-0.6415063012020141,-0.3978292328993013,-0.24367706830271285
2024-05-20,65.0,69.514725,57.94225,7.426808,147.679211,-2.83,160.95,-0.9745162206596092,-0.5131666304513629,-0.4613495902082463
2024-05-21,68.0,71.80311,56.557041,6.924849,148.095897,-2.35,163.93,-0.9865950325348365,-0.6078523108680577,-0.3787427216667788
2024-05-22,68.0,71.647621,55.460006,6.084969,148.48975,-1.53,163.85,-0.9911970072799932,-0.6845212501504448,-0.3066757571295483
2024-05-23,65.0,67.36656,54.613359,5.262656,148.81122,-0.58,161.67,-1.1574099845614683,-0.7790989970326495,-0.37831098752881875
2024-05-24,79.0,77.727563,54.290022,5.777328,149.492619,10.24,177.43,-0.017235992579003323,-0.6267263961419203,0.609490403562917
2024-05-28,77.0,78.041979,54.253222,6.48477,150.157674,8.64,178.09,0.9289087133055602,-0.31559937425242424,1.2445080875579846
2024-05-29,77.0,76.681909,53.770585,6.565144,150.775,8.22,177.32,1.598179822322777,0.06715646506261602,1.531023357260161
2024-05-30,74.0,72.711996,53.322422,6.031544,151.315111,8.29,175.08,1.9256351946602024,0.4388522109821333,1.486782983678069
2024-05-31,74.0,73.257799,51.446959,5.551734,151.849565,-0.86,175.9,2.2256570938458538,0.7962131875548775,1.4294439062909763
2024-06-03,68.0,63.965827,49.705457,5.561987,152.243617,-4.33,170.37,1.9942137716255104,1.035813304369004,0.9584004672565063
2024-06-04,60.0,54.15977,47.337355,5.66511,152.468542,-8.05,163.04,1.2054281058218521,1.0697362646595738,0.13569184116227828
2024-06-05,61.0,54.619716,45.138403,5.743596,152.693469,-6.62,163.49,0.6095940017782766,0.9777078120833145,-0.36811381030503787
2024-06-06,58.0,50.744895,42.132943,5.914352,152.8458,-8.86,160.31,-0.11784974357530587,0.7585963009515905,-0.8764460445268963
2024-06-07,67.0,52.75398,39.538278,6.026845,153.4624,-4.87,162.08,-0.5452447036833803,0.49782810002459643,-1.0430728037079766
2024-06-10,71.0,57.557149,37.623537,6.02826,154.0602,2.21,166.64,-0.5101240062901695,0.29623767876164325,-0.8063616850518127
2024-06-11,72.0,59.117827,35.845563,5.887834,154.5844,2.9,168.23,-0.34995680455713796,0.16699878209788704,-0.5169555866550251
2024-06-12,81.0,66.799516,35.296567,6.253386,155.3348,10.74,177.52,0.5206010521232542,0.2377192361029605,0.2828818160202937
2024-06-13,78.0,64.891366,35.025753,6.492567,156.1114,8.69,176.17,1.089036967731829,0.4079827824287342,0.6810541853030948
2024-06-14,71.0,57.086355,33.756387,6.481997,156.9936,2.12,170.17,1.0433495857416233,0.5350561430913121,0.5082934426503112
2024-06-17,69.0,55.4,32.570336,6.328309,157.9148,0.32,168.76,0.8831859720941395,0.6046821088918777,0.27850386320226184
2024-06-18,80.0,64.144965,32.27768,6.436906,158.907,1.15,179.57,1.6099730443407054,0.8057402959816433,0.8042327483590621
2024-06-20,75.0,61.283908,32.43768,6.461842,159.8072,0.57,177.18,1.9703905733733507,1.0386703514599849,0.9317202219133658
2024-06-21,74.0,59.548546,31.862396,6.355203,160.5544,3.27,175.73,2.114644870212345,1.253865255210457,0.860779615001888
2024-06-24,76.0,61.499913,31.505834,6.125017,161.3858,5.56,178.14,2.395816813659252,1.482255566900216,0.9135612467590359
2024-06-25,77.0,64.063985,31.386484,6.359386,162.3348,1.05,181.45,2.852851050677117,1.7563746636555964,1.0964763870215206
2024-06-26,75.0,62.11247,31.296982,6.459738,163.2998,1.59,180.0,3.062745668845764,2.01764886469363,1.0450968041521342
2024-06-27,71.0,57.290747,30.469505,6.423667,164.224,0.31,176.28,2.8955377979654315,2.1932266513479903,0.7023111466174412
2024-06-28,66.0,51.74394,28.786404,6.39362,164.9592,-3.72,171.51,2.351024078068093,2.224786136692011,0.12623794137608213
2024-07-01,61.0,47.593049,26.936207,6.407204,165.5652,-7.68,167.52,1.5793278692816841,2.095694483209946,-0.5163666139282617
2024-07-02,63.0,50.068768,25.322988,6.41421,166.2594,-5.66,169.81,1.1394026017791816,1.904436106923793,-0.7650335051446113
2024-07-03,65.0,53.061532,24.202078,6.101417,166.9792,-2.04,172.68,1.010693032063159,1.7256874919516663,-0.7149944598885072
2024-07-05,69.0,56.532096,23.506239,5.821406,167.5472,2.75,176.23,1.1815252149687296,1.616855036555079,-0.43532982158634925
2024-07-08,68.0,54.268053,23.009715,5.071411,168.111,4.09,174.37,1.1535273501229995,1.524189499268663,-0.37066214914566364
2024-07-09,67.0,52.573546,22.261761,4.348874,168.6044,1.87,172.98,1.0075628993165253,1.4208641792782357,-0.4133012799617104
2024-07-10,73.0,59.23093,22.224003,4.16605,169.1376,4.08,179.73,1.4201826270400773,1.4207278688306042,-0.0005452417905269513
2024-07-11,70.0,55.467003,22.586419,3.909259,169.4914,0.27,176.7,1.4855663723842554,1.4336955695413347,0.05187080284292067
2024-07-12,73.0,58.944282,22.498265,4.048682,170.0262,3.49,180.45,1.819008721330448,1.5107581998991575,0.3082505214312905
2024-07-15,70.0,55.217337,22.416407,4.072167,170.5416,2.58,177.44,1.8194093226833843,1.572488424456003,0.2469208982273814
2024-07-16,74.0,60.011773,22.620128,4.194684,171.1198,1.67,182.74,2.221781197558954,1.7023469790765933,0.5194342184823608
2024-07-17,50.0,43.872813,21.728222,4.484839,171.1112,-6.15,165.83,1.1627645046830253,1.5944304841978796,-0.4316659795148543
2024-07-18,46.0,40.837334,21.314997,5.371728,170.9582,-10.51,161.49,-0.026411132238933988,1.270262160910517,-1.296673293149451
2024-07-19,48.0,42.658573,20.969591,5.900538,170.8778,-7.95,163.34,-0.8102221169243933,0.8541653053435349,-1.6643874222679282
2024-07-22,50.0,45.969843,19.906974,6.106117,170.933,-8.74,166.76,-1.1422652289494692,0.4548791984849341,-1.5971444274344033
2024-07-23,54.0,49.401701,18.503997,6.059979,171.0148,2.81,170.49,-1.091845841174802,0.14553419055298686,-1.2373800317277888
2024-07-24,48.0,43.365605,17.697024,6.17389,170.9274,0.87,162.9,-1.6453708696570288,-0.2126468214890163,-1.4327240481680126
2024-07-25,45.0,41.289748,17.73978,6.483974,170.8968,-2.04,160.0,-2.291632691178364,-0.6284439954268859,-1.6631886957514783
2024-07-26,64.0,52.385994,16.635453,6.402507,171.0464,3.81,173.11,-1.7260357400491841,-0.8479623443513457,-0.8780733956978385
2024-07-29,62.0,51.537837,15.502191,6.404457,171.13,0.92,172.05,-1.3477927072266027,-0.9479284169263971,-0.39986429030020565
2024-07-30,46.0,44.66798,15.368332,6.630046,171.056,-0.12,162.7,-1.7819579355596034,-1.1147343206530385,-0.6672236149065649
2024-07-31,68.0,55.326474,14.395644,6.801033,171.3684,11.4,178.24,-0.862150545386811,-1.064217565599793,0.20206702021298195
2024-08-01,62.0,52.382581,13.688917,6.818971,171.63,0.53,174.03,-0.4675191081244918,-0.9448778741047328,0.47735876598024096
2024-08-02,47.0,46.496878,13.578818,6.88706,171.646,-4.25,164.73,-0.89488742242753,-0.9348797837692923,0.039992361341762206
2024-08-05,47.0,45.037764,14.483861,7.094902,171.6138,-0.28,162.24,-1.4181544786771667,-1.0315347227508673,-0.3866197559262994
2024-08-06,47.0,46.567919,15.180076,7.186556,171.6674,-7.79,164.35,-1.643641152620006,-1.1539560087246952,-0.4896851438953109
2024-08-07,49.0,47.842646,15.018967,6.868207,171.4402,-4.57,166.07,-1.664365570636562,-1.2560379211070687,-0.4083276495294934
2024-08-08,67.0,55.283524,14.317045,6.896585,171.4226,7.58,177.21,-0.7729745526080762,-1.1594252474072704,0.38645069479919414
2024-08-09,68.0,56.425339,13.427185,6.793763,171.4584,10.4,179.11,0.08578450200235466,-0.9103832975253454,0.9961677995277001
2024-08-12,65.0,54.32602,12.489763,6.73668,171.4856,7.36,176.44,0.5446323709763305,-0.6193801638250103,1.1640125348013408
2024-08-13,67.0,56.425054,11.619299,6.453674,171.5606,8.18,179.65,1.1539903039790147,-0.2647060702642053,1.41869637424322
2024-08-14,70.0,59.258067,11.370834,7.192423,171.8364,3.92,184.16,1.9780286810724874,0.18384088000313328,1.7941878010693542
2024-08-15,72.0,62.006676,11.753724,8.004957,172.352,5.42,188.82,2.97283904852668,0.7416405137078427,2.2311985348188372
2024-08-16,67.0,57.722914,11.930563,8.242414,172.7634,4.32,184.06,3.3386552731870722,1.2610434656036886,2.0776118075833834
2024-08-19,68.0,58.59022,12.094771,8.602924,173.2652,3.2,185.4,3.694110659765016,1.7476569044359542,1.946453755329062
2024-08-20,66.0,57.268347,12.307808,8.882562,173.7036,-0.09,184.0,3.8188223083971593,2.1618899852281954,1.6569323231689639
2024-08-21,66.0,57.460297,12.505627,8.771552,174.056,-2.41,184.26,3.89375226321269,2.5082624408250944,1.3854898223875955
2024-08-22,68.0,58.794302,12.896297,8.364702,174.4114,1.05,186.0,4.046888241906174,2.8159876010413107,1.2309006408648635
2024-08-23,66.0,55.856379,12.238195,8.462345,174.5268,-1.14,183.29,3.9045658520859092,3.0337032512502304,0.8708626008356788
2024-08-26,64.0,54.598725,11.6271,8.462196,174.646,-1.02,182.13,3.656027616732871,3.1581681243467585,0.4978594923861124
2024-08-27,67.0,57.627879,11.134112,7.933908,174.9536,0.7,185.55,3.6924603085020635,3.2650265611778195,0.427433747324244
2024-08-28,65.0,55.810443,10.676337,8.02375,175.2584,-1.08,184.0,3.555278396828328,3.323076928307921,0.2322014685204068
2024-08-29,71.0,61.947259,11.626125,8.391847,175.4942,4.4,191.36,3.9944062050972775,3.457342783665793,0.5370634214314847
2024-08-30,76.0,68.180341,13.090226,8.878398,175.9706,10.36,201.0,5.06193475909609,3.778261178751853,1.283673580344237
2024-09-03,69.0,59.049742,13.327781,8.013948,176.307,3.77,192.55,5.166557589048438,4.05592046081117,1.1106371282372676
2024-09-04,75.0,63.464586,13.725701,7.592921,176.7368,8.49,199.63,5.7544352183381875,4.395623412316574,1.3588118060216132
2024-09-05,73.0,62.249813,14.095197,6.856148,177.0766,3.7,198.44,6.0545167202793095,4.727402073909122,1.3271146463701875
2024-09-06,72.0,62.131426,14.277641,6.991734,177.4432,-1.33,198.33,6.211851039802667,5.024291867087831,1.1875591727148365
2024-09-09,75.0,64.435793,14.676359,7.383894,177.9538,4.81,201.81,6.541935181425771,5.327820529955419,1.2141146514703518
2024-09-10,75.0,64.569234,15.056079,7.391119,178.5638,1.19,202.01,6.741950560971759,5.610646536158687,1.1313040248130717
2024-09-11,78.0,69.035932,16.286322,8.121369,179.3964,5.4,209.15,7.391399071317267,5.966797043190404,1.4246020281268628
2024-09-12,81.0,72.263634,18.102717,9.47227,180.3056,8.54,215.27,8.304198911943274,6.4342774169409775,1.8699214950022967
2024-09-13,82.0,76.678392,20.620743,11.79475,181.3638,11.78,225.59,9.747968600046931,7.097015653562169,2.6509529464847628
2024-09-16,84.0,78.246518,23.12514,13.794642,182.4378,13.82,229.93,11.114250052549266,7.900462533359589,3.213787519189678
2024-09-17,84.0,80.585278,25.890077,16.048294,183.6934,13.39,237.15,12.633994779694405,8.847168982626552,3.786825797067852
2024-09-18,82.0,78.717029,28.52858,17.432716,184.9472,9.48,235.67,13.56263814392841,9.790262814886924,3.772375329041486
2024-09-19,83.0,81.46267,31.138954,19.190317,186.2416,8.36,244.45,14.836046612841926,10.799419574477925,4.036627038364001
2024-09-20,84.0,81.754268,33.808728,20.548627,187.6168,6.75,245.46,15.7452293550067,11.78858153058368,3.956647824423019
2024-09-23,84.0,83.440214,36.440669,21.768625,189.0384,6.06,251.53,16.762335727301007,12.783332369927146,3.979003357373861
2024-09-24,85.0,84.447333,38.980406,22.6635,190.5992,8.41,255.48,17.683289885340088,13.763323873009735,3.9199660123303524
2024-09-25,85.0,83.849496,41.348048,23.170639,192.0454,4.34,255.05,18.169014198500747,14.644461938107938,3.5245522603928094
2024-09-26,84.0,78.517638,42.405493,22.766253,193.7532,2.35,251.22,18.036986076920073,15.322966765870365,2.7140193110497073
2024-09-27,83.0,76.653681,43.387406,22.389713,195.5206,-0.66,249.86,17.619505513551502,15.782274515406595,1.837230998144907
2024-09-30,84.0,78.703402,44.358838,22.589113,197.3534,-0.2,254.98,17.500060564888912,16.12583172530306,1.3742288395858537
2024-10-01,84.0,79.296022,45.407645,21.907932,199.1488,0.58,256.53,17.33069417417164,16.366804215076776,0.963889959094864
2024-10-02,83.0,73.288173,45.74411,21.145493,200.7848,0.43,252.29,16.6622653019667,16.425896432454763,0.23636886951193503
2024-10-03,84.0,74.46269,46.056541,20.003443,202.6204,1.93,254.68,16.139339373008795,16.368585020565572,-0.2292456475567768
2024-10-04,85.0,79.001618,47.012354,18.960199,204.7322,4.16,265.59,16.416028866013164,16.37807378965509,0.037955076358073825
2024-10-07,84.0,74.988933,47.899895,17.45453,206.5208,2.34,262.54,16.202426287985077,16.34294428932109,-0.14051800133601233
2024-10-08,84.0,75.741582,48.76317,15.339994,208.3652,4.75,264.27,15.988436504196898,16.272042732296253,-0.2836062280993552
2024-10-09,85.0,76.756109,49.748541,13.466136,210.4432,4.68,266.6,15.824445231950364,16.182523232227076,-0.35807800027671277
2024-10-10,84.0,73.926696,50.352283,11.489465,212.1708,-0.37,264.62,15.357677765296216,16.017554138840907,-0.6598763735446909
2024-10-11,84.0,75.061695,51.170141,10.361665,214.028,1.66,266.89,14.99804310891139,15.813651932855004,-0.8156088239436148
2024-10-14,84.0,76.337153,51.979838,9.460612,216.1234,1.98,269.5,14.753565322753332,15.601634610834669,-0.8480692880813372
2024-10-15,83.0,71.593156,51.17058,8.789465,218.2058,-0.09,266.36,14.143406768666551,15.309989042401046,-1.1665822737344946
2024-10-16,86.0,75.911095,50.928679,8.22982,220.4142,3.84,274.77,14.175067083627937,15.083004650646425,-0.9079375670184877
2024-10-17,84.0,72.027616,51.121523,8.044067,222.5328,1.91,272.0,13.817364286704503,14.829876577858041,-1.0125122911535378
2024-10-18,85.0,72.422534,51.164412,7.767793,224.443,1.19,272.72,13.437085864195183,14.55131843512547,-1.1142325709302874
2024-10-21,85.0,74.426089,51.389962,8.07945,226.3894,3.78,276.43,13.281972161497663,14.297449180399909,-1.0154770189022457
2024-10-22,85.0,74.410397,51.138609,8.435427,228.389,0.6,276.42,13.008285104837256,14.03961636528738,-1.0313312604501235
2024-10-23,85.0,76.27439,51.309443,8.890895,230.3936,2.9,279.88,12.921626754407157,13.816018443111336,-0.8943916887041787
2024-10-24,86.0,82.908396,52.353827,10.76743,232.6504,8.9,297.0,14.072175035358953,13.86724976156086,0.2049252737980929
2024-10-25,84.0,78.152231,53.383081,11.438487,234.7448,6.19,293.54,14.53722368812339,14.001244546873366,0.5359791412500243
2024-10-28,83.0,72.56769,53.3601,11.714851,236.8482,4.63,289.23,14.392094015068494,14.07941444051239,0.3126795745561033
2024-10-29,85.0,76.560277,52.514679,12.667832,239.1156,6.75,298.77,14.875401604383683,14.23861187328665,0.6367897310970321
2024-10-30,83.0,75.116339,51.937675,12.77597,241.3876,0.2,297.6,14.991207817044994,14.38913106203832,0.6020767550066743
2024-10-31,84.0,76.754684,51.5746,13.053346,243.7356,2.77,301.66,15.234973848992809,14.558299619429219,0.6766742295635897
2024-11-01,84.0,75.998151,51.786774,13.668833,246.0374,4.1,301.09,15.20687061078678,14.688013817700732,0.5188567930860479
2024-11-04,83.0,68.786357,50.477497,13.497059,248.2808,-1.11,295.46,14.562437924320136,14.662898639024615,-0.1004607147044787
2024-11-05,86.0,77.194019,50.287791,14.857806,250.9536,6.11,315.77,15.511757752024948,14.832670461624682,0.6790872904002665
2024-11-06,86.0,82.364973,51.065838,18.207736,253.9686,11.48,336.3,17.71647547741162,15.40943146478207,2.30704401262955
2024-11-07,86.0,82.46508,51.850122,20.376328,257.0242,11.85,336.78,19.28021186650477,16.18358754512661,3.0966243213781617
2024-11-08,86.0,83.395559,52.660464,22.336383,260.0206,15.47,341.18,20.63664109594805,17.0741982552909,3.5624428406571518
2024-11-11,86.0,85.004286,53.642972,24.528044,262.9894,10.66,349.44,22.123112531028085,18.083981110438337,4.039131420589747
2024-11-12,80.0,64.153485,52.093704,23.934126,265.6126,-3.74,323.71,20.983076048187343,18.66380009798814,2.319275950199202
2024-11-13,82.0,67.354271,50.655098,24.063937,268.2852,-1.05,333.26,20.61258505965759,19.05355709032203,1.5590279693355598
2024-11-14,81.0,62.789538,48.741988,23.294503,270.8372,-4.44,326.04,19.511458671952994,19.145137406648224,0.3663212653047694
2024-11-15,81.0,64.138109,47.232789,22.38291,273.4658,-5.63,329.76,18.723152144014023,19.060740354121386,-0.33758821010736284
2024-11-18,80.0,61.314042,45.50041,21.228233,275.937,0.51,325.37,17.541964384016126,18.756985160100335,-1.2150207760842093
2024-11-19,84.0,66.593132,44.369525,20.342299,278.6968,2.02,340.0,17.58368947935662,18.522326023951592,-0.9386365445949707
2024-11-20,84.0,67.497495,43.774201,19.418705,281.3692,5.13,342.77,17.636964816397153,18.345253782440707,-0.7082889660435541
2024-11-21,83.0,65.484992,43.69796,19.26554,283.8608,3.06,339.85,17.24477922785161,18.12515887152289,-0.8803796436712794
2024-11-22,85.0,68.690364,42.991732,19.132349,286.3322,7.31,349.16,17.483667678673783,17.996860632953066,-0.5131929542792832
2024-11-25,78.0,56.452404,41.689852,17.442491,288.3132,-3.24,328.98,15.861786348934174,17.56984577614929,-1.7080594272151153
2024-11-26,81.0,60.202214,40.480964,16.518615,290.348,-1.13,338.89,15.200861815959456,17.096048984111324,-1.8951871681518675
2024-11-27,79.0,58.261387,39.240945,15.069557,292.3412,-1.33,335.33,14.225825651196203,16.5220043175283,-2.2961786663320964
2024-11-29,78.0,57.581901,38.089499,13.66168,294.1346,-4.31,334.12,13.20326654032823,15.858256762088287,-2.654990221760057
2024-12-02,79.0,59.036108,37.758072,11.837823,295.9762,2.6,337.54,12.524472176653035,15.191499845001237,-2.6670276683482026
2024-12-03,78.0,55.65929,36.369845,8.152259,297.584,-2.06,331.92,11.401605114780352,14.43352089895706,-3.0319157841767073
2024-12-04,82.0,60.7488,35.439786,7.097635,299.3494,2.51,343.75,11.335636845623299,13.813944088290308,-2.478307242667009
2024-12-05,83.0,62.466573,35.241682,7.558665,301.211,4.19,348.13,11.50417296698896,13.351989864030038,-1.8478168970410778
2024-12-06,81.0,61.396334,34.591175,7.849324,303.1168,2.66,346.51,11.375884481255639,12.95676878747516,-1.5808843062195201
2024-12-09,77.0,54.417545,32.350094,7.808507,304.8246,1.0,335.25,10.247500231963102,12.414915076372747,-2.1674148444096453
2024-12-10,73.0,50.133678,30.084121,7.524158,306.2728,-4.76,327.39,8.619649321754252,11.655861925449049,-3.0362126036947963
2024-12-11,78.0,57.632611,29.032997,7.16392,308.0182,-1.24,343.8,8.5550977616561,11.03570909269046,-2.4806113310343605
2024-12-12,73.0,50.684797,27.600075,7.284998,309.5706,-4.79,329.91,7.29899499791361,10.28836627373509,-2.9893712758214797
2024-12-13,74.0,51.634134,26.269505,6.956012,311.1172,-0.97,332.01,6.399210838310012,9.510535186650074,-3.1113243483400623
2024-12-16,75.0,54.210716,25.231155,6.753882,312.5596,3.15,337.71,6.076027113967541,8.823633572113568,-2.747606458146027
2024-12-17,72.0,49.538752,23.568673,6.515767,313.8756,-4.5,328.34,5.006113630634047,8.060129583817664,-3.054015953183617
2024-12-18,68.0,44.583905,22.522923,7.858548,314.9326,-3.88,317.12,3.215769863000844,7.091257639654301,-3.875487776653457
2024-12-19,73.0,51.83429,21.065459,7.755731,316.2566,0.24,332.8,3.0272581377839174,6.278457739280225,-3.2511996014963076
2024-12-20,76.0,55.754504,20.084515,7.850428,317.8174,1.47,342.66,3.6316178044911567,5.749089752322412,-2.1174719478312554
2024-12-23,76.0,56.625906,19.224853,7.545283,319.378,5.05,344.92,4.244017910264688,5.448075383910868,-1.2040574736461798
2024-12-24,77.0,57.569642,18.650436,7.763354,320.9338,9.51,347.29,4.864513515525857,5.331363010233866,-0.4668494947080086
2024-12-26,74.0,55.263901,17.6685,7.873117,322.468,3.09,343.07,4.958582567903875,5.256806921767868,-0.2982243538639935
2024-12-27,70.0,50.480944,16.662747,7.896163,323.6486,-2.59,333.8,4.236288149477559,5.052703167309806,-0.8164150178322469
2024-12-30,70.0,48.745936,16.517821,8.008181,324.8138,-4.25,330.26,3.3397180136794873,4.710106136583743,-1.3703881229042558
2024-12-31,69.0,48.077364,16.383248,8.181488,325.938,-5.29,328.93,2.493120693453818,4.266709047957758,-1.7735883545039401
2025-01-02,72.0,53.271985,15.291672,8.137438,327.1882,-1.2,338.94,2.5999390813857985,3.9333550546433664,-1.3334159732575679
2025-01-03,76.0,59.801059,15.135715,8.863267,328.7404,6.06,354.03,3.857760449920704,3.918236133698834,-0.06047568377812995
2025-01-06,77.0,65.712583,16.279972,11.383302,330.5692,12.43,371.32,6.178529209315059,4.370294748822079,1.8082344604929794
2025-01-07,75.0,64.06941,16.51134,13.063463,331.9996,12.04,368.52,7.703022918705926,5.036840382798848,2.666182535907078
2025-01-08,75.0,62.836577,15.999993,14.283209,333.4584,8.13,366.48,8.646908042374491,5.758853914713977,2.8880541276605145
2025-01-10,74.0,63.069166,15.525172,15.000191,335.0158,3.69,367.1,9.337337606019332,6.474550652975048,2.862786953044284
2025-01-13,73.0,62.870961,15.084266,15.877965,336.3766,-1.21,366.81,9.748730140430382,7.129386550466116,2.6193435899642665
2025-01-14,78.0,68.542892,16.007628,17.549778,338.0698,3.73,382.26,11.192428221345835,7.94199488464206,3.250433336703775
2025-01-15,79.0,70.063419,17.058727,19.25774,339.7772,5.61,387.03,12.57649448734685,8.868894805183018,3.7075996821638313
2025-01-16,78.0,71.306544,18.279508,21.049604,341.5754,6.51,391.0,13.834250171679855,9.861965878482387,3.9722842931974682
2025-01-17,80.0,74.318062,19.712565,22.865613,343.6944,9.43,401.41,15.492443369699402,10.98806137672579,4.504381992973611
2025-01-21,81.0,77.830074,21.586806,24.594951,345.699,8.83,416.0,17.77892016735342,12.346233134851317,5.432687032502102
2025-01-22,81.0,80.063768,23.892692,27.638937,347.515,10.35,427.1,20.25318067642877,13.92762264316681,6.325558033261959
2025-01-23,82.0,81.937136,26.400397,31.248424,349.5336,11.95,437.71,22.807280155887497,15.703554145710948,7.103726010176549
2025-01-24,80.0,70.378136,28.090791,32.506842,351.1198,4.75,420.49,23.174768008387787,17.19779691824632,5.976971090141468
2025-01-27,49.0,39.134906,27.437464,33.422108,350.731,-20.67,330.0,15.980010422644227,16.9542396191259,-0.9742291964816729
2025-01-28,63.0,46.266216,26.968226,32.980792,351.3592,-16.85,355.12,12.164858349225312,15.996363365145784,-3.831505015920472
2025-01-29,62.0,45.835679,25.937106,32.063474,351.759,-19.3,353.25,8.88797443587174,14.574685579290977,-5.686711143419236
2025-01-30,70.0,53.270814,24.217515,30.427632,352.897,-8.93,382.94,8.5877608349723,13.377300630427243,-4.789539795454942
2025-01-31,69.0,50.729776,22.620752,28.37092,353.7594,12.99,372.88,7.45217740594876,12.192275985531548,-4.740098579582789
2025-02-03,66.0,47.992403,21.924644,27.150268,354.4862,1.86,361.71,5.586496059495005,10.87112000032424,-5.284623940829235
2025-02-04,65.0,46.733025,21.278258,27.032886,354.8168,0.93,356.53,3.6478967588888622,9.426475352037164,-5.778578593148302
2025-02-05,67.0,49.8519,20.516268,27.102228,355.32,-3.92,367.93,2.99688138936682,8.140556559503096,-5.143675170136277
2025-02-06,68.0,51.695458,19.311368,26.99613,356.0196,0.52,374.83,3.0031014686373965,7.1130655413299575,-4.109964072692561
2025-02-07,69.0,52.550331,18.11092,26.804105,356.5958,4.5,377.97,3.2242357020415398,6.335299573472275,-3.1110638714307353
2025-02-10,71.0,54.492154,16.838438,26.606339,357.7162,7.99,385.0,3.9215433128049426,5.8525483213388085,-1.931005008533866
2025-02-11,67.0,50.650036,15.741241,26.460642,358.3964,1.35,372.9,3.457934821946651,5.373625621460377,-1.915690799513726
2025-02-12,66.0,49.637685,15.18165,26.613479,359.0828,-1.38,369.65,2.796042872448595,4.858109071658021,-2.0620661992094256
2025-02-13,65.0,49.856869,14.66203,26.707065,359.8066,-2.03,370.31,2.298252394950623,4.346137736316542,-2.0478853413659186
2025-02-14,64.0,48.912095,14.360333,26.76644,360.4076,-4.52,367.59,1.6650746431222956,3.8099251176776927,-2.144850474555397
2025-02-18,66.0,50.993192,13.565439,26.343964,361.2342,0.09,373.25,1.601529969830949,3.368246088108344,-1.7667161182773947
2025-02-19,66.0,51.722847,12.827323,24.914242,361.8632,1.5,375.2,1.6890487589066083,3.032406622267997,-1.3433578633613887
2025-02-20,54.0,45.869223,12.866635,22.277321,362.0942,-2.87,359.68,0.5003065137789235,2.5259866005701825,-2.025680086791259
2025-02-21,44.0,36.703443,14.092382,19.006756,361.7216,-10.8,327.88,-2.9734978835578545,1.4260897037445752,-4.399587587302429
2025-02-24,41.0,33.953144,15.935907,18.145681,361.3348,-15.36,315.91,-6.616125284507689,-0.18235329390587762,-6.433771990601811
2025-02-25,43.0,34.736312,17.803364,19.403706,361.1408,-15.33,317.69,-9.252643900243243,-1.9964114151733505,-7.2562324850698925
2025-02-26,49.0,42.034491,18.265344,20.218235,360.9696,-6.79,335.24,-9.812849153024786,-3.5596989627436377,-6.253150190281148
2025-02-27,47.0,39.599761,18.324037,21.540787,360.897,-0.49,326.28,-10.854686896337626,-5.018696549462436,-5.83599034687519
2025-02-28,51.0,43.123814,18.50936,21.464658,360.9604,6.1,335.18,-10.837269892992026,-6.182411218168355,-4.6548586748236715
2025-03-03,44.0,37.976144,19.064583,22.916978,360.5258,-0.54,315.98,-12.231746373071758,-7.392278249149037,-4.839468123922721
2025-03-04,44.0,37.250372,20.082867,24.529496,360.2204,-6.61,313.07,-13.417028556916932,-8.597228310702615,-4.819800246214317
2025-03-05,45.0,38.863217,20.877682,25.657212,360.214,-2.91,316.8,-13.895217976659808,-9.656826243894054,-4.238391732765754
2025-03-06,38.0,33.073408,22.345191,28.087286,359.4222,-12.52,293.21,-15.993341106353967,-10.924129216386037,-5.06921188996793
2025-03-07,38.0,32.216687,23.947889,29.85534,358.355,-8.44,289.3,-17.766818303620312,-12.292667033832894,-5.474151269787418
2025-03-10,35.0,28.34055,25.770819,32.477848,356.8592,-13.72,270.13,-20.483054645596837,-13.930744556185683,-6.552310089411154
2025-03-11,39.0,34.567522,26.756372,32.382707,355.5976,-10.29,284.21,-21.254544034375044,-15.395504451823555,-5.859039582551489
2025-03-12,42.0,40.308268,26.638239,31.667451,354.7098,1.87,298.68,-20.46246826735654,-16.408897214930153,-4.053571052426388
2025-03-13,43.0,40.910176,26.772169,30.674515,354.0386,3.78,300.24,-19.484261119209805,-17.023969995786082,-2.4602911234237226
2025-03-14,48.0,45.948251,26.171525,28.856413,353.706,16.1,313.63,-17.42766849750842,-17.104709696130552,-0.3229588013778688
2025-03-17,54.0,51.983671,24.610366,26.993028,353.7666,16.8,331.96,-14.155549850904663,-16.514877727085377,2.359327876180714
2025-03-18,48.0,47.890033,23.160719,24.036765,353.3664,6.78,318.93,-12.470037522643565,-15.705909686197016,3.2358721635534504
2025-03-19,54.0,53.045575,21.799901,20.543553,353.0018,11.84,335.8,-9.661615755229377,-14.49705090000349,4.835435144774113
2025-03-20,54.0,53.34905,20.536284,18.566683,352.312,7.4,336.83,-7.2690161852583515,-13.051443957054463,5.782427771796112
2025-03-21,52.0,52.302864,19.137081,18.836972,351.619,0.58,333.87,-5.547759927471816,-11.550707151137935,6.002947223666119
